/*Add spectral shard*/
INSERT INTO `items` VALUES
(11010,0,'Spectral Portal Shard',0,0,0,0,0,0,0,0,0,0,0,0,0,0,0,0,0,0,0,0,0,0,0,0,0,0,0,0,0,0,0,0,0,0,0,0,0,15000,15000,'','0',65535,4278190080,'0',0,0,0,5,0,0,0,0,0,0,5,1,0,0,0,0,0,0,0,0,0,0,0,0,'',-1,5,0,0,0,0,0,2773,'IT63',0,11,0,0,0,0,'',0,1,0,0,0,0,0,-1,5,0,1,0,5,0,65535,0,0,0,0,1,0,0,-1,0,6291457,797,0,0,0,0,0,0,4,0,0,0,0,0,0,2700,-1,0,0,0,0,0,'2023-04-27 19:55:47','',0,0,0,0,1,0,0,'',0,-1,0,0,0,0,-1,0,0,0,0,0,0,0,0,-1,0,0,0,0,NULL,'2023-02-07 19:55:39',NULL,'CUSTOM',0,'',0,5,0,0,0,0,0,0,0,0,0,0,0,'',0,'',0,0,0,0,0,'',0,0,0,0,0,0,'',0,0,0,0,0,0,'',0,0,0,0,0,0,'',0,0,0,0,0,0,0,'ECTunnel','','','','',0,0,0,0,0,0,0,0,0,0,0,0,0,0,0,0,0,0,'202327195539',0,0,0,0,0,-1,0,0,0,0,0,0,0,0,'',0,0,0,0,0,0,0,0,0,0,0,0,0,0,0,0,0,0,0,0,0,0,0,0,0,0,1,0,-1);

/*Add spectral shard to knight of unrest loot*/
INSERT INTO `lootdrop_entries` VALUES
(1885,11010,1,1,50,0,0,0,1,0,0);

/*Ecommons spawns*/
INSERT INTO `spawngroup` (`id`, `name`, `spawn_limit`, `dist`, `max_x`, `min_x`, `max_y`, `min_y`, `delay`, `mindelay`, `despawn`, `despawn_timer`, `wp_spawns`) VALUES (288103, 'ecommons#Arwen_Sakura0004292021', 0, 0, 0, 0, 0, 0, 45000, 15000, 0, 100, 0);
INSERT INTO `spawngroup` (`id`, `name`, `spawn_limit`, `dist`, `max_x`, `min_x`, `max_y`, `min_y`, `delay`, `mindelay`, `despawn`, `despawn_timer`, `wp_spawns`) VALUES (288200, 'ecommons#Geniveve00025361495', 0, 0, 0, 0, 0, 0, 45000, 15000, 0, 100, 0);
INSERT INTO `spawngroup` (`id`, `name`, `spawn_limit`, `dist`, `max_x`, `min_x`, `max_y`, `min_y`, `delay`, `mindelay`, `despawn`, `despawn_timer`, `wp_spawns`) VALUES (288188, 'ecommons#Oracle00098275288', 0, 0, 0, 0, 0, 0, 45000, 15000, 0, 100, 0);
INSERT INTO `spawngroup` (`id`, `name`, `spawn_limit`, `dist`, `max_x`, `min_x`, `max_y`, `min_y`, `delay`, `mindelay`, `despawn`, `despawn_timer`, `wp_spawns`) VALUES (288088, 'ecommons#Translocator_Chan000758437', 0, 0, 0, 0, 0, 0, 45000, 15000, 0, 100, 0);
INSERT INTO `spawngroup` (`id`, `name`, `spawn_limit`, `dist`, `max_x`, `min_x`, `max_y`, `min_y`, `delay`, `mindelay`, `despawn`, `despawn_timer`, `wp_spawns`) VALUES (288191, 'ecommonsAlchemist_Redsa00020605355', 0, 0, 0, 0, 0, 0, 45000, 15000, 0, 100, 0);
INSERT INTO `spawngroup` (`id`, `name`, `spawn_limit`, `dist`, `max_x`, `min_x`, `max_y`, `min_y`, `delay`, `mindelay`, `despawn`, `despawn_timer`, `wp_spawns`) VALUES (288124, 'ecommonsAmber00010263933', 0, 0, 0, 0, 0, 0, 45000, 15000, 0, 100, 0);
INSERT INTO `spawngroup` (`id`, `name`, `spawn_limit`, `dist`, `max_x`, `min_x`, `max_y`, `min_y`, `delay`, `mindelay`, `despawn`, `despawn_timer`, `wp_spawns`) VALUES (288261, 'ecommonsan_undead_training_dummy00095433609', 0, 0, 0, 0, 0, 0, 45000, 15000, 0, 100, 0);
INSERT INTO `spawngroup` (`id`, `name`, `spawn_limit`, `dist`, `max_x`, `min_x`, `max_y`, `min_y`, `delay`, `mindelay`, `despawn`, `despawn_timer`, `wp_spawns`) VALUES (288260, 'ecommonsa_training_dummy00095257156', 0, 0, 0, 0, 0, 0, 45000, 15000, 0, 100, 0);
INSERT INTO `spawngroup` (`id`, `name`, `spawn_limit`, `dist`, `max_x`, `min_x`, `max_y`, `min_y`, `delay`, `mindelay`, `despawn`, `despawn_timer`, `wp_spawns`) VALUES (288262, 'ecommonsa_training_dummy00396024781', 0, 0, 0, 0, 0, 0, 45000, 15000, 0, 100, 0);
INSERT INTO `spawngroup` (`id`, `name`, `spawn_limit`, `dist`, `max_x`, `min_x`, `max_y`, `min_y`, `delay`, `mindelay`, `despawn`, `despawn_timer`, `wp_spawns`) VALUES (288085, 'ecommonsBanker_Chan000478036', 0, 0, 0, 0, 0, 0, 45000, 15000, 0, 100, 0);
INSERT INTO `spawngroup` (`id`, `name`, `spawn_limit`, `dist`, `max_x`, `min_x`, `max_y`, `min_y`, `delay`, `mindelay`, `despawn`, `despawn_timer`, `wp_spawns`) VALUES (288190, 'ecommonsBlacksmith_Gerta00020602783', 0, 0, 0, 0, 0, 0, 45000, 15000, 0, 100, 0);
INSERT INTO `spawngroup` (`id`, `name`, `spawn_limit`, `dist`, `max_x`, `min_x`, `max_y`, `min_y`, `delay`, `mindelay`, `despawn`, `despawn_timer`, `wp_spawns`) VALUES (288192, 'ecommonsBrewmaster_Berina00020607410', 0, 0, 0, 0, 0, 0, 45000, 15000, 0, 100, 0);
INSERT INTO `spawngroup` (`id`, `name`, `spawn_limit`, `dist`, `max_x`, `min_x`, `max_y`, `min_y`, `delay`, `mindelay`, `despawn`, `despawn_timer`, `wp_spawns`) VALUES (288153, 'ecommonsCavalier_Aodus00024359060', 0, 0, 0, 0, 0, 0, 45000, 15000, 0, 100, 0);
INSERT INTO `spawngroup` (`id`, `name`, `spawn_limit`, `dist`, `max_x`, `min_x`, `max_y`, `min_y`, `delay`, `mindelay`, `despawn`, `despawn_timer`, `wp_spawns`) VALUES (288208, 'ecommonsCavalier_Preradus000222718905', 0, 0, 0, 0, 0, 0, 45000, 15000, 0, 100, 0);
INSERT INTO `spawngroup` (`id`, `name`, `spawn_limit`, `dist`, `max_x`, `min_x`, `max_y`, `min_y`, `delay`, `mindelay`, `despawn`, `despawn_timer`, `wp_spawns`) VALUES (288152, 'ecommonsCavalier_Waut00024357080', 0, 0, 0, 0, 0, 0, 45000, 15000, 0, 100, 0);
INSERT INTO `spawngroup` (`id`, `name`, `spawn_limit`, `dist`, `max_x`, `min_x`, `max_y`, `min_y`, `delay`, `mindelay`, `despawn`, `despawn_timer`, `wp_spawns`) VALUES (288109, 'ecommonsChaenthe_Osere0005717951', 0, 0, 0, 0, 0, 0, 45000, 15000, 0, 100, 0);
INSERT INTO `spawngroup` (`id`, `name`, `spawn_limit`, `dist`, `max_x`, `min_x`, `max_y`, `min_y`, `delay`, `mindelay`, `despawn`, `despawn_timer`, `wp_spawns`) VALUES (288204, 'ecommonsChanneler_Cerakoth000222665518', 0, 0, 0, 0, 0, 0, 45000, 15000, 0, 100, 0);
INSERT INTO `spawngroup` (`id`, `name`, `spawn_limit`, `dist`, `max_x`, `min_x`, `max_y`, `min_y`, `delay`, `mindelay`, `despawn`, `despawn_timer`, `wp_spawns`) VALUES (288133, 'ecommonsChanneler_Lariland00022641607', 0, 0, 0, 0, 0, 0, 45000, 15000, 0, 100, 0);
INSERT INTO `spawngroup` (`id`, `name`, `spawn_limit`, `dist`, `max_x`, `min_x`, `max_y`, `min_y`, `delay`, `mindelay`, `despawn`, `despawn_timer`, `wp_spawns`) VALUES (288134, 'ecommonsChanneler_Olaemos00022642581', 0, 0, 0, 0, 0, 0, 45000, 15000, 0, 100, 0);
INSERT INTO `spawngroup` (`id`, `name`, `spawn_limit`, `dist`, `max_x`, `min_x`, `max_y`, `min_y`, `delay`, `mindelay`, `despawn`, `despawn_timer`, `wp_spawns`) VALUES (288143, 'ecommonsElementalist_Kaeob00023666179', 0, 0, 0, 0, 0, 0, 45000, 15000, 0, 100, 0);
INSERT INTO `spawngroup` (`id`, `name`, `spawn_limit`, `dist`, `max_x`, `min_x`, `max_y`, `min_y`, `delay`, `mindelay`, `despawn`, `despawn_timer`, `wp_spawns`) VALUES (288210, 'ecommonsElementalist_Padan000222742687', 0, 0, 0, 0, 0, 0, 45000, 15000, 0, 100, 0);
INSERT INTO `spawngroup` (`id`, `name`, `spawn_limit`, `dist`, `max_x`, `min_x`, `max_y`, `min_y`, `delay`, `mindelay`, `despawn`, `despawn_timer`, `wp_spawns`) VALUES (288142, 'ecommonsElementalist_Somat00023663470', 0, 0, 0, 0, 0, 0, 45000, 15000, 0, 100, 0);
INSERT INTO `spawngroup` (`id`, `name`, `spawn_limit`, `dist`, `max_x`, `min_x`, `max_y`, `min_y`, `delay`, `mindelay`, `despawn`, `despawn_timer`, `wp_spawns`) VALUES (288112, 'ecommonsFirrion_Roweus0006760939', 0, 0, 0, 0, 0, 0, 45000, 15000, 0, 100, 0);
INSERT INTO `spawngroup` (`id`, `name`, `spawn_limit`, `dist`, `max_x`, `min_x`, `max_y`, `min_y`, `delay`, `mindelay`, `despawn`, `despawn_timer`, `wp_spawns`) VALUES (288127, 'ecommonsGemcrafter_Anuk00053358142', 0, 0, 0, 0, 0, 0, 45000, 15000, 0, 100, 0);
INSERT INTO `spawngroup` (`id`, `name`, `spawn_limit`, `dist`, `max_x`, `min_x`, `max_y`, `min_y`, `delay`, `mindelay`, `despawn`, `despawn_timer`, `wp_spawns`) VALUES (13481, 'ecommonsGuard_Reskin001759128', 0, 0, 0, 0, 0, 0, 0, 15000, 0, 100, 0);
INSERT INTO `spawngroup` (`id`, `name`, `spawn_limit`, `dist`, `max_x`, `min_x`, `max_y`, `min_y`, `delay`, `mindelay`, `despawn`, `despawn_timer`, `wp_spawns`) VALUES (288196, 'ecommonsGurb_Smithson000130821383', 0, 0, 0, 0, 0, 0, 45000, 15000, 0, 100, 0);
INSERT INTO `spawngroup` (`id`, `name`, `spawn_limit`, `dist`, `max_x`, `min_x`, `max_y`, `min_y`, `delay`, `mindelay`, `despawn`, `despawn_timer`, `wp_spawns`) VALUES (288128, 'ecommonsHejsua_Skalkon00069737077', 0, 0, 0, 0, 0, 0, 45000, 15000, 0, 100, 0);
INSERT INTO `spawngroup` (`id`, `name`, `spawn_limit`, `dist`, `max_x`, `min_x`, `max_y`, `min_y`, `delay`, `mindelay`, `despawn`, `despawn_timer`, `wp_spawns`) VALUES (288130, 'ecommonsHeretic_Drahur00022634249', 0, 0, 0, 0, 0, 0, 45000, 15000, 0, 100, 0);
INSERT INTO `spawngroup` (`id`, `name`, `spawn_limit`, `dist`, `max_x`, `min_x`, `max_y`, `min_y`, `delay`, `mindelay`, `despawn`, `despawn_timer`, `wp_spawns`) VALUES (288209, 'ecommonsHeretic_Edalith000222729708', 0, 0, 0, 0, 0, 0, 45000, 15000, 0, 100, 0);
INSERT INTO `spawngroup` (`id`, `name`, `spawn_limit`, `dist`, `max_x`, `min_x`, `max_y`, `min_y`, `delay`, `mindelay`, `despawn`, `despawn_timer`, `wp_spawns`) VALUES (288141, 'ecommonsHeretic_Elirev00022755735', 0, 0, 0, 0, 0, 0, 45000, 15000, 0, 100, 0);
INSERT INTO `spawngroup` (`id`, `name`, `spawn_limit`, `dist`, `max_x`, `min_x`, `max_y`, `min_y`, `delay`, `mindelay`, `despawn`, `despawn_timer`, `wp_spawns`) VALUES (288132, 'ecommonsIllusionist_Jerup00022638737', 0, 0, 0, 0, 0, 0, 45000, 15000, 0, 100, 0);
INSERT INTO `spawngroup` (`id`, `name`, `spawn_limit`, `dist`, `max_x`, `min_x`, `max_y`, `min_y`, `delay`, `mindelay`, `despawn`, `despawn_timer`, `wp_spawns`) VALUES (288211, 'ecommonsIllusionist_Lobaen000222758417', 0, 0, 0, 0, 0, 0, 45000, 15000, 0, 100, 0);
INSERT INTO `spawngroup` (`id`, `name`, `spawn_limit`, `dist`, `max_x`, `min_x`, `max_y`, `min_y`, `delay`, `mindelay`, `despawn`, `despawn_timer`, `wp_spawns`) VALUES (288131, 'ecommonsIllusionist_Sevat00022637041', 0, 0, 0, 0, 0, 0, 45000, 15000, 0, 100, 0);
INSERT INTO `spawngroup` (`id`, `name`, `spawn_limit`, `dist`, `max_x`, `min_x`, `max_y`, `min_y`, `delay`, `mindelay`, `despawn`, `despawn_timer`, `wp_spawns`) VALUES (288123, 'ecommonsJade00010236112', 0, 0, 0, 0, 0, 0, 45000, 15000, 0, 100, 0);
INSERT INTO `spawngroup` (`id`, `name`, `spawn_limit`, `dist`, `max_x`, `min_x`, `max_y`, `min_y`, `delay`, `mindelay`, `despawn`, `despawn_timer`, `wp_spawns`) VALUES (288148, 'ecommonsMinstrel_Eoweril00024288058', 0, 0, 0, 0, 0, 0, 45000, 15000, 0, 100, 0);
INSERT INTO `spawngroup` (`id`, `name`, `spawn_limit`, `dist`, `max_x`, `min_x`, `max_y`, `min_y`, `delay`, `mindelay`, `despawn`, `despawn_timer`, `wp_spawns`) VALUES (288154, 'ecommonsMinstrel_Eoweril00024361433', 0, 0, 0, 0, 0, 0, 45000, 15000, 0, 100, 0);
INSERT INTO `spawngroup` (`id`, `name`, `spawn_limit`, `dist`, `max_x`, `min_x`, `max_y`, `min_y`, `delay`, `mindelay`, `despawn`, `despawn_timer`, `wp_spawns`) VALUES (288215, 'ecommonsMinstrel_Gwiar000222816109', 0, 0, 0, 0, 0, 0, 45000, 15000, 0, 100, 0);
INSERT INTO `spawngroup` (`id`, `name`, `spawn_limit`, `dist`, `max_x`, `min_x`, `max_y`, `min_y`, `delay`, `mindelay`, `despawn`, `despawn_timer`, `wp_spawns`) VALUES (288149, 'ecommonsMinstrel_Joet00024290535', 0, 0, 0, 0, 0, 0, 45000, 15000, 0, 100, 0);
INSERT INTO `spawngroup` (`id`, `name`, `spawn_limit`, `dist`, `max_x`, `min_x`, `max_y`, `min_y`, `delay`, `mindelay`, `despawn`, `despawn_timer`, `wp_spawns`) VALUES (288155, 'ecommonsMinstrel_Joet00024363843', 0, 0, 0, 0, 0, 0, 45000, 15000, 0, 100, 0);
INSERT INTO `spawngroup` (`id`, `name`, `spawn_limit`, `dist`, `max_x`, `min_x`, `max_y`, `min_y`, `delay`, `mindelay`, `despawn`, `despawn_timer`, `wp_spawns`) VALUES (288140, 'ecommonsMystic_Abomin00022653581', 0, 0, 0, 0, 0, 0, 45000, 15000, 0, 100, 0);
INSERT INTO `spawngroup` (`id`, `name`, `spawn_limit`, `dist`, `max_x`, `min_x`, `max_y`, `min_y`, `delay`, `mindelay`, `despawn`, `despawn_timer`, `wp_spawns`) VALUES (288139, 'ecommonsMystic_Goharkor00022652442', 0, 0, 0, 0, 0, 0, 45000, 15000, 0, 100, 0);
INSERT INTO `spawngroup` (`id`, `name`, `spawn_limit`, `dist`, `max_x`, `min_x`, `max_y`, `min_y`, `delay`, `mindelay`, `despawn`, `despawn_timer`, `wp_spawns`) VALUES (288205, 'ecommonsMystic_Ryrin000222681609', 0, 0, 0, 0, 0, 0, 45000, 15000, 0, 100, 0);
INSERT INTO `spawngroup` (`id`, `name`, `spawn_limit`, `dist`, `max_x`, `min_x`, `max_y`, `min_y`, `delay`, `mindelay`, `despawn`, `despawn_timer`, `wp_spawns`) VALUES (288174, 'ecommonsOracle 00048926228', 0, 0, 0, 0, 0, 0, 45000, 15000, 0, 100, 0);
INSERT INTO `spawngroup` (`id`, `name`, `spawn_limit`, `dist`, `max_x`, `min_x`, `max_y`, `min_y`, `delay`, `mindelay`, `despawn`, `despawn_timer`, `wp_spawns`) VALUES (288207, 'ecommonsPathfinder_Thoajin000222708279', 0, 0, 0, 0, 0, 0, 45000, 15000, 0, 100, 0);
INSERT INTO `spawngroup` (`id`, `name`, `spawn_limit`, `dist`, `max_x`, `min_x`, `max_y`, `min_y`, `delay`, `mindelay`, `despawn`, `despawn_timer`, `wp_spawns`) VALUES (288147, 'ecommonsPathfinder_Vaered00023939725', 0, 0, 0, 0, 0, 0, 45000, 15000, 0, 100, 0);
INSERT INTO `spawngroup` (`id`, `name`, `spawn_limit`, `dist`, `max_x`, `min_x`, `max_y`, `min_y`, `delay`, `mindelay`, `despawn`, `despawn_timer`, `wp_spawns`) VALUES (288146, 'ecommonsPathfinder_Viliken00023937188', 0, 0, 0, 0, 0, 0, 45000, 15000, 0, 100, 0);
INSERT INTO `spawngroup` (`id`, `name`, `spawn_limit`, `dist`, `max_x`, `min_x`, `max_y`, `min_y`, `delay`, `mindelay`, `despawn`, `despawn_timer`, `wp_spawns`) VALUES (288197, 'ecommonsPoisoner_Salihah000143741397', 0, 0, 0, 0, 0, 0, 45000, 15000, 0, 100, 0);
INSERT INTO `spawngroup` (`id`, `name`, `spawn_limit`, `dist`, `max_x`, `min_x`, `max_y`, `min_y`, `delay`, `mindelay`, `despawn`, `despawn_timer`, `wp_spawns`) VALUES (288214, 'ecommonsPrimalist_Nydalith000222802537', 0, 0, 0, 0, 0, 0, 45000, 15000, 0, 100, 0);
INSERT INTO `spawngroup` (`id`, `name`, `spawn_limit`, `dist`, `max_x`, `min_x`, `max_y`, `min_y`, `delay`, `mindelay`, `despawn`, `despawn_timer`, `wp_spawns`) VALUES (288150, 'ecommonsPrimalist_Saosith00024352272', 0, 0, 0, 0, 0, 0, 45000, 15000, 0, 100, 0);
INSERT INTO `spawngroup` (`id`, `name`, `spawn_limit`, `dist`, `max_x`, `min_x`, `max_y`, `min_y`, `delay`, `mindelay`, `despawn`, `despawn_timer`, `wp_spawns`) VALUES (288151, 'ecommonsPrimalist_Worenon00024354675', 0, 0, 0, 0, 0, 0, 45000, 15000, 0, 100, 0);
INSERT INTO `spawngroup` (`id`, `name`, `spawn_limit`, `dist`, `max_x`, `min_x`, `max_y`, `min_y`, `delay`, `mindelay`, `despawn`, `despawn_timer`, `wp_spawns`) VALUES (288257, 'ecommonsProphet_Brazz000169144476', 0, 0, 0, 0, 0, 0, 45000, 15000, 0, 100, 0);
INSERT INTO `spawngroup` (`id`, `name`, `spawn_limit`, `dist`, `max_x`, `min_x`, `max_y`, `min_y`, `delay`, `mindelay`, `despawn`, `despawn_timer`, `wp_spawns`) VALUES (288144, 'ecommonsReaver_Nydlil00023715640', 0, 0, 0, 0, 0, 0, 45000, 15000, 0, 100, 0);
INSERT INTO `spawngroup` (`id`, `name`, `spawn_limit`, `dist`, `max_x`, `min_x`, `max_y`, `min_y`, `delay`, `mindelay`, `despawn`, `despawn_timer`, `wp_spawns`) VALUES (288206, 'ecommonsReaver_Thirlan000222694742', 0, 0, 0, 0, 0, 0, 45000, 15000, 0, 100, 0);
INSERT INTO `spawngroup` (`id`, `name`, `spawn_limit`, `dist`, `max_x`, `min_x`, `max_y`, `min_y`, `delay`, `mindelay`, `despawn`, `despawn_timer`, `wp_spawns`) VALUES (288145, 'ecommonsReaver_Uledrith00023719682', 0, 0, 0, 0, 0, 0, 45000, 15000, 0, 100, 0);
INSERT INTO `spawngroup` (`id`, `name`, `spawn_limit`, `dist`, `max_x`, `min_x`, `max_y`, `min_y`, `delay`, `mindelay`, `despawn`, `despawn_timer`, `wp_spawns`) VALUES (288194, 'ecommonsSavet_Ironstove00020611442', 0, 0, 0, 0, 0, 0, 45000, 15000, 0, 100, 0);
INSERT INTO `spawngroup` (`id`, `name`, `spawn_limit`, `dist`, `max_x`, `min_x`, `max_y`, `min_y`, `delay`, `mindelay`, `despawn`, `despawn_timer`, `wp_spawns`) VALUES (288193, 'ecommonsScholar_Klaz00020609325', 0, 0, 0, 0, 0, 0, 45000, 15000, 0, 100, 0);
INSERT INTO `spawngroup` (`id`, `name`, `spawn_limit`, `dist`, `max_x`, `min_x`, `max_y`, `min_y`, `delay`, `mindelay`, `despawn`, `despawn_timer`, `wp_spawns`) VALUES (48342, 'ecommonsSergeant_Ragus00024907083', 0, 0, 0, 0, 0, 0, 0, 15000, 0, 100, 0);
INSERT INTO `spawngroup` (`id`, `name`, `spawn_limit`, `dist`, `max_x`, `min_x`, `max_y`, `min_y`, `delay`, `mindelay`, `despawn`, `despawn_timer`, `wp_spawns`) VALUES (288087, 'ecommonsSoulbinder_Jubbl000198098', 0, 0, 0, 0, 0, 0, 45000, 15000, 0, 100, 0);
INSERT INTO `spawngroup` (`id`, `name`, `spawn_limit`, `dist`, `max_x`, `min_x`, `max_y`, `min_y`, `delay`, `mindelay`, `despawn`, `despawn_timer`, `wp_spawns`) VALUES (288195, 'ecommonsTailor_Kujen00020613428', 0, 0, 0, 0, 0, 0, 45000, 15000, 0, 100, 0);
INSERT INTO `spawngroup` (`id`, `name`, `spawn_limit`, `dist`, `max_x`, `min_x`, `max_y`, `min_y`, `delay`, `mindelay`, `despawn`, `despawn_timer`, `wp_spawns`) VALUES (288138, 'ecommonsVicar_Ceraen00022651011', 0, 0, 0, 0, 0, 0, 45000, 15000, 0, 100, 0);
INSERT INTO `spawngroup` (`id`, `name`, `spawn_limit`, `dist`, `max_x`, `min_x`, `max_y`, `min_y`, `delay`, `mindelay`, `despawn`, `despawn_timer`, `wp_spawns`) VALUES (288213, 'ecommonsVicar_Delin000222789199', 0, 0, 0, 0, 0, 0, 45000, 15000, 0, 100, 0);
INSERT INTO `spawngroup` (`id`, `name`, `spawn_limit`, `dist`, `max_x`, `min_x`, `max_y`, `min_y`, `delay`, `mindelay`, `despawn`, `despawn_timer`, `wp_spawns`) VALUES (288137, 'ecommonsVicar_Thiran00022649858', 0, 0, 0, 0, 0, 0, 45000, 15000, 0, 100, 0);
INSERT INTO `spawngroup` (`id`, `name`, `spawn_limit`, `dist`, `max_x`, `min_x`, `max_y`, `min_y`, `delay`, `mindelay`, `despawn`, `despawn_timer`, `wp_spawns`) VALUES (288136, 'ecommonsWanderer_Astobin00022648847', 0, 0, 0, 0, 0, 0, 45000, 15000, 0, 100, 0);
INSERT INTO `spawngroup` (`id`, `name`, `spawn_limit`, `dist`, `max_x`, `min_x`, `max_y`, `min_y`, `delay`, `mindelay`, `despawn`, `despawn_timer`, `wp_spawns`) VALUES (288212, 'ecommonsWanderer_Frardok000222776237', 0, 0, 0, 0, 0, 0, 45000, 15000, 0, 100, 0);
INSERT INTO `spawngroup` (`id`, `name`, `spawn_limit`, `dist`, `max_x`, `min_x`, `max_y`, `min_y`, `delay`, `mindelay`, `despawn`, `despawn_timer`, `wp_spawns`) VALUES (288135, 'ecommonsWanderer_Qenda00022647188', 0, 0, 0, 0, 0, 0, 45000, 15000, 0, 100, 0);

INSERT INTO `spawnentry` (`spawngroupID`, `npcID`, `chance`, `condition_value_filter`, `min_time`, `max_time`, `min_expansion`, `max_expansion`, `content_flags`, `content_flags_disabled`) VALUES (13481, 22066, 100, 1, 0, 0, -1, -1, NULL, NULL);
INSERT INTO `spawnentry` (`spawngroupID`, `npcID`, `chance`, `condition_value_filter`, `min_time`, `max_time`, `min_expansion`, `max_expansion`, `content_flags`, `content_flags_disabled`) VALUES (48342, 22206, 100, 1, 0, 0, -1, -1, NULL, NULL);
INSERT INTO `spawnentry` (`spawngroupID`, `npcID`, `chance`, `condition_value_filter`, `min_time`, `max_time`, `min_expansion`, `max_expansion`, `content_flags`, `content_flags_disabled`) VALUES (288085, 22004, 100, 1, 0, 0, -1, -1, NULL, NULL);
INSERT INTO `spawnentry` (`spawngroupID`, `npcID`, `chance`, `condition_value_filter`, `min_time`, `max_time`, `min_expansion`, `max_expansion`, `content_flags`, `content_flags_disabled`) VALUES (288087, 22117, 100, 1, 0, 0, -1, -1, NULL, NULL);
INSERT INTO `spawnentry` (`spawngroupID`, `npcID`, `chance`, `condition_value_filter`, `min_time`, `max_time`, `min_expansion`, `max_expansion`, `content_flags`, `content_flags_disabled`) VALUES (288088, 22028, 100, 1, 0, 0, -1, -1, NULL, NULL);
INSERT INTO `spawnentry` (`spawngroupID`, `npcID`, `chance`, `condition_value_filter`, `min_time`, `max_time`, `min_expansion`, `max_expansion`, `content_flags`, `content_flags_disabled`) VALUES (288103, 22127, 100, 1, 0, 0, -1, -1, NULL, NULL);
INSERT INTO `spawnentry` (`spawngroupID`, `npcID`, `chance`, `condition_value_filter`, `min_time`, `max_time`, `min_expansion`, `max_expansion`, `content_flags`, `content_flags_disabled`) VALUES (288109, 383139, 100, 1, 0, 0, -1, -1, NULL, NULL);
INSERT INTO `spawnentry` (`spawngroupID`, `npcID`, `chance`, `condition_value_filter`, `min_time`, `max_time`, `min_expansion`, `max_expansion`, `content_flags`, `content_flags_disabled`) VALUES (288112, 382078, 100, 1, 0, 0, -1, -1, NULL, NULL);
INSERT INTO `spawnentry` (`spawngroupID`, `npcID`, `chance`, `condition_value_filter`, `min_time`, `max_time`, `min_expansion`, `max_expansion`, `content_flags`, `content_flags_disabled`) VALUES (288123, 8105, 100, 1, 0, 0, -1, -1, NULL, NULL);
INSERT INTO `spawnentry` (`spawngroupID`, `npcID`, `chance`, `condition_value_filter`, `min_time`, `max_time`, `min_expansion`, `max_expansion`, `content_flags`, `content_flags_disabled`) VALUES (288124, 8064, 100, 1, 0, 0, -1, -1, NULL, NULL);
INSERT INTO `spawnentry` (`spawngroupID`, `npcID`, `chance`, `condition_value_filter`, `min_time`, `max_time`, `min_expansion`, `max_expansion`, `content_flags`, `content_flags_disabled`) VALUES (288127, 382051, 100, 1, 0, 0, -1, -1, NULL, NULL);
INSERT INTO `spawnentry` (`spawngroupID`, `npcID`, `chance`, `condition_value_filter`, `min_time`, `max_time`, `min_expansion`, `max_expansion`, `content_flags`, `content_flags_disabled`) VALUES (288128, 150158, 100, 1, 0, 0, -1, -1, NULL, NULL);
INSERT INTO `spawnentry` (`spawngroupID`, `npcID`, `chance`, `condition_value_filter`, `min_time`, `max_time`, `min_expansion`, `max_expansion`, `content_flags`, `content_flags_disabled`) VALUES (288130, 202199, 100, 1, 0, 0, -1, -1, NULL, NULL);
INSERT INTO `spawnentry` (`spawngroupID`, `npcID`, `chance`, `condition_value_filter`, `min_time`, `max_time`, `min_expansion`, `max_expansion`, `content_flags`, `content_flags_disabled`) VALUES (288131, 202213, 100, 1, 0, 0, -1, -1, NULL, NULL);
INSERT INTO `spawnentry` (`spawngroupID`, `npcID`, `chance`, `condition_value_filter`, `min_time`, `max_time`, `min_expansion`, `max_expansion`, `content_flags`, `content_flags_disabled`) VALUES (288132, 202209, 100, 1, 0, 0, -1, -1, NULL, NULL);
INSERT INTO `spawnentry` (`spawngroupID`, `npcID`, `chance`, `condition_value_filter`, `min_time`, `max_time`, `min_expansion`, `max_expansion`, `content_flags`, `content_flags_disabled`) VALUES (288133, 202178, 100, 1, 0, 0, -1, -1, NULL, NULL);
INSERT INTO `spawnentry` (`spawngroupID`, `npcID`, `chance`, `condition_value_filter`, `min_time`, `max_time`, `min_expansion`, `max_expansion`, `content_flags`, `content_flags_disabled`) VALUES (288134, 202174, 100, 1, 0, 0, -1, -1, NULL, NULL);
INSERT INTO `spawnentry` (`spawngroupID`, `npcID`, `chance`, `condition_value_filter`, `min_time`, `max_time`, `min_expansion`, `max_expansion`, `content_flags`, `content_flags_disabled`) VALUES (288135, 202218, 100, 1, 0, 0, -1, -1, NULL, NULL);
INSERT INTO `spawnentry` (`spawngroupID`, `npcID`, `chance`, `condition_value_filter`, `min_time`, `max_time`, `min_expansion`, `max_expansion`, `content_flags`, `content_flags_disabled`) VALUES (288136, 202214, 100, 1, 0, 0, -1, -1, NULL, NULL);
INSERT INTO `spawnentry` (`spawngroupID`, `npcID`, `chance`, `condition_value_filter`, `min_time`, `max_time`, `min_expansion`, `max_expansion`, `content_flags`, `content_flags_disabled`) VALUES (288137, 202223, 100, 1, 0, 0, -1, -1, NULL, NULL);
INSERT INTO `spawnentry` (`spawngroupID`, `npcID`, `chance`, `condition_value_filter`, `min_time`, `max_time`, `min_expansion`, `max_expansion`, `content_flags`, `content_flags_disabled`) VALUES (288138, 202219, 100, 1, 0, 0, -1, -1, NULL, NULL);
INSERT INTO `spawnentry` (`spawngroupID`, `npcID`, `chance`, `condition_value_filter`, `min_time`, `max_time`, `min_expansion`, `max_expansion`, `content_flags`, `content_flags_disabled`) VALUES (288139, 202183, 100, 1, 0, 0, -1, -1, NULL, NULL);
INSERT INTO `spawnentry` (`spawngroupID`, `npcID`, `chance`, `condition_value_filter`, `min_time`, `max_time`, `min_expansion`, `max_expansion`, `content_flags`, `content_flags_disabled`) VALUES (288140, 202179, 100, 1, 0, 0, -1, -1, NULL, NULL);
INSERT INTO `spawnentry` (`spawngroupID`, `npcID`, `chance`, `condition_value_filter`, `min_time`, `max_time`, `min_expansion`, `max_expansion`, `content_flags`, `content_flags_disabled`) VALUES (288141, 202203, 100, 1, 0, 0, -1, -1, NULL, NULL);
INSERT INTO `spawnentry` (`spawngroupID`, `npcID`, `chance`, `condition_value_filter`, `min_time`, `max_time`, `min_expansion`, `max_expansion`, `content_flags`, `content_flags_disabled`) VALUES (288142, 202204, 100, 1, 0, 0, -1, -1, NULL, NULL);
INSERT INTO `spawnentry` (`spawngroupID`, `npcID`, `chance`, `condition_value_filter`, `min_time`, `max_time`, `min_expansion`, `max_expansion`, `content_flags`, `content_flags_disabled`) VALUES (288143, 202208, 100, 1, 0, 0, -1, -1, NULL, NULL);
INSERT INTO `spawnentry` (`spawngroupID`, `npcID`, `chance`, `condition_value_filter`, `min_time`, `max_time`, `min_expansion`, `max_expansion`, `content_flags`, `content_flags_disabled`) VALUES (288144, 202184, 100, 1, 0, 0, -1, -1, NULL, NULL);
INSERT INTO `spawnentry` (`spawngroupID`, `npcID`, `chance`, `condition_value_filter`, `min_time`, `max_time`, `min_expansion`, `max_expansion`, `content_flags`, `content_flags_disabled`) VALUES (288145, 202188, 100, 1, 0, 0, -1, -1, NULL, NULL);
INSERT INTO `spawnentry` (`spawngroupID`, `npcID`, `chance`, `condition_value_filter`, `min_time`, `max_time`, `min_expansion`, `max_expansion`, `content_flags`, `content_flags_disabled`) VALUES (288146, 202189, 100, 1, 0, 0, -1, -1, NULL, NULL);
INSERT INTO `spawnentry` (`spawngroupID`, `npcID`, `chance`, `condition_value_filter`, `min_time`, `max_time`, `min_expansion`, `max_expansion`, `content_flags`, `content_flags_disabled`) VALUES (288147, 202193, 100, 1, 0, 0, -1, -1, NULL, NULL);
INSERT INTO `spawnentry` (`spawngroupID`, `npcID`, `chance`, `condition_value_filter`, `min_time`, `max_time`, `min_expansion`, `max_expansion`, `content_flags`, `content_flags_disabled`) VALUES (288148, 202229, 100, 1, 0, 0, -1, -1, NULL, NULL);
INSERT INTO `spawnentry` (`spawngroupID`, `npcID`, `chance`, `condition_value_filter`, `min_time`, `max_time`, `min_expansion`, `max_expansion`, `content_flags`, `content_flags_disabled`) VALUES (288149, 202233, 100, 1, 0, 0, -1, -1, NULL, NULL);
INSERT INTO `spawnentry` (`spawngroupID`, `npcID`, `chance`, `condition_value_filter`, `min_time`, `max_time`, `min_expansion`, `max_expansion`, `content_flags`, `content_flags_disabled`) VALUES (288150, 202224, 100, 1, 0, 0, -1, -1, NULL, NULL);
INSERT INTO `spawnentry` (`spawngroupID`, `npcID`, `chance`, `condition_value_filter`, `min_time`, `max_time`, `min_expansion`, `max_expansion`, `content_flags`, `content_flags_disabled`) VALUES (288151, 202228, 100, 1, 0, 0, -1, -1, NULL, NULL);
INSERT INTO `spawnentry` (`spawngroupID`, `npcID`, `chance`, `condition_value_filter`, `min_time`, `max_time`, `min_expansion`, `max_expansion`, `content_flags`, `content_flags_disabled`) VALUES (288152, 202194, 100, 1, 0, 0, -1, -1, NULL, NULL);
INSERT INTO `spawnentry` (`spawngroupID`, `npcID`, `chance`, `condition_value_filter`, `min_time`, `max_time`, `min_expansion`, `max_expansion`, `content_flags`, `content_flags_disabled`) VALUES (288153, 202198, 100, 1, 0, 0, -1, -1, NULL, NULL);
INSERT INTO `spawnentry` (`spawngroupID`, `npcID`, `chance`, `condition_value_filter`, `min_time`, `max_time`, `min_expansion`, `max_expansion`, `content_flags`, `content_flags_disabled`) VALUES (288154, 202229, 100, 1, 0, 0, -1, -1, NULL, NULL);
INSERT INTO `spawnentry` (`spawngroupID`, `npcID`, `chance`, `condition_value_filter`, `min_time`, `max_time`, `min_expansion`, `max_expansion`, `content_flags`, `content_flags_disabled`) VALUES (288155, 202233, 100, 1, 0, 0, -1, -1, NULL, NULL);
INSERT INTO `spawnentry` (`spawngroupID`, `npcID`, `chance`, `condition_value_filter`, `min_time`, `max_time`, `min_expansion`, `max_expansion`, `content_flags`, `content_flags_disabled`) VALUES (288174, 22128, 100, 1, 0, 0, -1, -1, NULL, NULL);
INSERT INTO `spawnentry` (`spawngroupID`, `npcID`, `chance`, `condition_value_filter`, `min_time`, `max_time`, `min_expansion`, `max_expansion`, `content_flags`, `content_flags_disabled`) VALUES (288188, 22129, 100, 1, 0, 0, -1, -1, NULL, NULL);
INSERT INTO `spawnentry` (`spawngroupID`, `npcID`, `chance`, `condition_value_filter`, `min_time`, `max_time`, `min_expansion`, `max_expansion`, `content_flags`, `content_flags_disabled`) VALUES (288190, 202484, 100, 1, 0, 0, -1, -1, NULL, NULL);
INSERT INTO `spawnentry` (`spawngroupID`, `npcID`, `chance`, `condition_value_filter`, `min_time`, `max_time`, `min_expansion`, `max_expansion`, `content_flags`, `content_flags_disabled`) VALUES (288191, 202478, 100, 1, 0, 0, -1, -1, NULL, NULL);
INSERT INTO `spawnentry` (`spawngroupID`, `npcID`, `chance`, `condition_value_filter`, `min_time`, `max_time`, `min_expansion`, `max_expansion`, `content_flags`, `content_flags_disabled`) VALUES (288192, 202472, 100, 1, 0, 0, -1, -1, NULL, NULL);
INSERT INTO `spawnentry` (`spawngroupID`, `npcID`, `chance`, `condition_value_filter`, `min_time`, `max_time`, `min_expansion`, `max_expansion`, `content_flags`, `content_flags_disabled`) VALUES (288193, 202485, 100, 1, 0, 0, -1, -1, NULL, NULL);
INSERT INTO `spawnentry` (`spawngroupID`, `npcID`, `chance`, `condition_value_filter`, `min_time`, `max_time`, `min_expansion`, `max_expansion`, `content_flags`, `content_flags_disabled`) VALUES (288194, 202093, 100, 1, 0, 0, -1, -1, NULL, NULL);
INSERT INTO `spawnentry` (`spawngroupID`, `npcID`, `chance`, `condition_value_filter`, `min_time`, `max_time`, `min_expansion`, `max_expansion`, `content_flags`, `content_flags_disabled`) VALUES (288195, 202473, 100, 1, 0, 0, -1, -1, NULL, NULL);
INSERT INTO `spawnentry` (`spawngroupID`, `npcID`, `chance`, `condition_value_filter`, `min_time`, `max_time`, `min_expansion`, `max_expansion`, `content_flags`, `content_flags_disabled`) VALUES (288196, 9105, 100, 1, 0, 0, -1, -1, NULL, NULL);
INSERT INTO `spawnentry` (`spawngroupID`, `npcID`, `chance`, `condition_value_filter`, `min_time`, `max_time`, `min_expansion`, `max_expansion`, `content_flags`, `content_flags_disabled`) VALUES (288197, 394052, 100, 1, 0, 0, -1, -1, NULL, NULL);
INSERT INTO `spawnentry` (`spawngroupID`, `npcID`, `chance`, `condition_value_filter`, `min_time`, `max_time`, `min_expansion`, `max_expansion`, `content_flags`, `content_flags_disabled`) VALUES (288200, 394234, 100, 1, 0, 0, -1, -1, NULL, NULL);
INSERT INTO `spawnentry` (`spawngroupID`, `npcID`, `chance`, `condition_value_filter`, `min_time`, `max_time`, `min_expansion`, `max_expansion`, `content_flags`, `content_flags_disabled`) VALUES (288204, 202177, 100, 1, 0, 0, -1, -1, NULL, NULL);
INSERT INTO `spawnentry` (`spawngroupID`, `npcID`, `chance`, `condition_value_filter`, `min_time`, `max_time`, `min_expansion`, `max_expansion`, `content_flags`, `content_flags_disabled`) VALUES (288205, 202182, 100, 1, 0, 0, -1, -1, NULL, NULL);
INSERT INTO `spawnentry` (`spawngroupID`, `npcID`, `chance`, `condition_value_filter`, `min_time`, `max_time`, `min_expansion`, `max_expansion`, `content_flags`, `content_flags_disabled`) VALUES (288206, 202187, 100, 1, 0, 0, -1, -1, NULL, NULL);
INSERT INTO `spawnentry` (`spawngroupID`, `npcID`, `chance`, `condition_value_filter`, `min_time`, `max_time`, `min_expansion`, `max_expansion`, `content_flags`, `content_flags_disabled`) VALUES (288207, 202192, 100, 1, 0, 0, -1, -1, NULL, NULL);
INSERT INTO `spawnentry` (`spawngroupID`, `npcID`, `chance`, `condition_value_filter`, `min_time`, `max_time`, `min_expansion`, `max_expansion`, `content_flags`, `content_flags_disabled`) VALUES (288208, 202197, 100, 1, 0, 0, -1, -1, NULL, NULL);
INSERT INTO `spawnentry` (`spawngroupID`, `npcID`, `chance`, `condition_value_filter`, `min_time`, `max_time`, `min_expansion`, `max_expansion`, `content_flags`, `content_flags_disabled`) VALUES (288209, 202202, 100, 1, 0, 0, -1, -1, NULL, NULL);
INSERT INTO `spawnentry` (`spawngroupID`, `npcID`, `chance`, `condition_value_filter`, `min_time`, `max_time`, `min_expansion`, `max_expansion`, `content_flags`, `content_flags_disabled`) VALUES (288210, 202207, 100, 1, 0, 0, -1, -1, NULL, NULL);
INSERT INTO `spawnentry` (`spawngroupID`, `npcID`, `chance`, `condition_value_filter`, `min_time`, `max_time`, `min_expansion`, `max_expansion`, `content_flags`, `content_flags_disabled`) VALUES (288211, 202212, 100, 1, 0, 0, -1, -1, NULL, NULL);
INSERT INTO `spawnentry` (`spawngroupID`, `npcID`, `chance`, `condition_value_filter`, `min_time`, `max_time`, `min_expansion`, `max_expansion`, `content_flags`, `content_flags_disabled`) VALUES (288212, 202217, 100, 1, 0, 0, -1, -1, NULL, NULL);
INSERT INTO `spawnentry` (`spawngroupID`, `npcID`, `chance`, `condition_value_filter`, `min_time`, `max_time`, `min_expansion`, `max_expansion`, `content_flags`, `content_flags_disabled`) VALUES (288213, 202222, 100, 1, 0, 0, -1, -1, NULL, NULL);
INSERT INTO `spawnentry` (`spawngroupID`, `npcID`, `chance`, `condition_value_filter`, `min_time`, `max_time`, `min_expansion`, `max_expansion`, `content_flags`, `content_flags_disabled`) VALUES (288214, 202227, 100, 1, 0, 0, -1, -1, NULL, NULL);
INSERT INTO `spawnentry` (`spawngroupID`, `npcID`, `chance`, `condition_value_filter`, `min_time`, `max_time`, `min_expansion`, `max_expansion`, `content_flags`, `content_flags_disabled`) VALUES (288215, 202232, 100, 1, 0, 0, -1, -1, NULL, NULL);
INSERT INTO `spawnentry` (`spawngroupID`, `npcID`, `chance`, `condition_value_filter`, `min_time`, `max_time`, `min_expansion`, `max_expansion`, `content_flags`, `content_flags_disabled`) VALUES (288257, 2000046, 100, 1, 0, 0, -1, -1, NULL, NULL);
INSERT INTO `spawnentry` (`spawngroupID`, `npcID`, `chance`, `condition_value_filter`, `min_time`, `max_time`, `min_expansion`, `max_expansion`, `content_flags`, `content_flags_disabled`) VALUES (288260, 77002, 100, 1, 0, 0, -1, -1, NULL, NULL);
INSERT INTO `spawnentry` (`spawngroupID`, `npcID`, `chance`, `condition_value_filter`, `min_time`, `max_time`, `min_expansion`, `max_expansion`, `content_flags`, `content_flags_disabled`) VALUES (288261, 77003, 100, 1, 0, 0, -1, -1, NULL, NULL);
INSERT INTO `spawnentry` (`spawngroupID`, `npcID`, `chance`, `condition_value_filter`, `min_time`, `max_time`, `min_expansion`, `max_expansion`, `content_flags`, `content_flags_disabled`) VALUES (288262, 77001, 100, 1, 0, 0, -1, -1, NULL, NULL);



INSERT INTO `spawn2` (`id`, `spawngroupID`, `zone`, `version`, `x`, `y`, `z`, `heading`, `respawntime`, `variance`, `pathgrid`, `path_when_zone_idle`, `_condition`, `cond_value`, `animation`, `min_expansion`, `max_expansion`, `content_flags`, `content_flags_disabled`) VALUES (264713, 288085, 'ecommons', 0, -127.240974, -1514.117432, 3.851998, 248.750000, 640, 0, 0, 0, 0, 1, 0, -1, -1, NULL, NULL);
INSERT INTO `spawn2` (`id`, `spawngroupID`, `zone`, `version`, `x`, `y`, `z`, `heading`, `respawntime`, `variance`, `pathgrid`, `path_when_zone_idle`, `_condition`, `cond_value`, `animation`, `min_expansion`, `max_expansion`, `content_flags`, `content_flags_disabled`) VALUES (264715, 288087, 'ecommons', 0, -175.520004, -1508.650024, 3.120000, 202.500000, 640, 0, 0, 0, 0, 1, 0, -1, -1, NULL, NULL);
INSERT INTO `spawn2` (`id`, `spawngroupID`, `zone`, `version`, `x`, `y`, `z`, `heading`, `respawntime`, `variance`, `pathgrid`, `path_when_zone_idle`, `_condition`, `cond_value`, `animation`, `min_expansion`, `max_expansion`, `content_flags`, `content_flags_disabled`) VALUES (264716, 288088, 'ecommons', 0, -158.479996, -1642.650024, 3.120000, 35.000000, 640, 0, 0, 0, 0, 1, 0, -1, -1, NULL, NULL);
INSERT INTO `spawn2` (`id`, `spawngroupID`, `zone`, `version`, `x`, `y`, `z`, `heading`, `respawntime`, `variance`, `pathgrid`, `path_when_zone_idle`, `_condition`, `cond_value`, `animation`, `min_expansion`, `max_expansion`, `content_flags`, `content_flags_disabled`) VALUES (264731, 288103, 'ecommons', 0, 5.873076, -1672.953125, 3.226998, 416.250000, 1200, 0, 0, 0, 0, 1, 0, -1, -1, NULL, NULL);
INSERT INTO `spawn2` (`id`, `spawngroupID`, `zone`, `version`, `x`, `y`, `z`, `heading`, `respawntime`, `variance`, `pathgrid`, `path_when_zone_idle`, `_condition`, `cond_value`, `animation`, `min_expansion`, `max_expansion`, `content_flags`, `content_flags_disabled`) VALUES (264737, 288109, 'ecommons', 0, 5.224401, -1635.643555, 4.636058, 389.000000, 1200, 0, 0, 0, 0, 1, 0, -1, -1, NULL, NULL);
INSERT INTO `spawn2` (`id`, `spawngroupID`, `zone`, `version`, `x`, `y`, `z`, `heading`, `respawntime`, `variance`, `pathgrid`, `path_when_zone_idle`, `_condition`, `cond_value`, `animation`, `min_expansion`, `max_expansion`, `content_flags`, `content_flags_disabled`) VALUES (264740, 288112, 'ecommons', 0, 3.209597, -1620.419800, 4.615246, 385.750000, 1200, 0, 0, 0, 0, 1, 0, -1, -1, NULL, NULL);
INSERT INTO `spawn2` (`id`, `spawngroupID`, `zone`, `version`, `x`, `y`, `z`, `heading`, `respawntime`, `variance`, `pathgrid`, `path_when_zone_idle`, `_condition`, `cond_value`, `animation`, `min_expansion`, `max_expansion`, `content_flags`, `content_flags_disabled`) VALUES (264751, 288123, 'ecommons', 0, -221.800003, -1637.839966, 3.750000, 494.750000, 1200, 0, 0, 0, 0, 1, 0, -1, -1, NULL, NULL);
INSERT INTO `spawn2` (`id`, `spawngroupID`, `zone`, `version`, `x`, `y`, `z`, `heading`, `respawntime`, `variance`, `pathgrid`, `path_when_zone_idle`, `_condition`, `cond_value`, `animation`, `min_expansion`, `max_expansion`, `content_flags`, `content_flags_disabled`) VALUES (264752, 288124, 'ecommons', 0, -228.740005, -1639.160034, 3.750000, 486.750000, 1200, 0, 0, 0, 0, 1, 0, -1, -1, NULL, NULL);
INSERT INTO `spawn2` (`id`, `spawngroupID`, `zone`, `version`, `x`, `y`, `z`, `heading`, `respawntime`, `variance`, `pathgrid`, `path_when_zone_idle`, `_condition`, `cond_value`, `animation`, `min_expansion`, `max_expansion`, `content_flags`, `content_flags_disabled`) VALUES (264755, 288127, 'ecommons', 0, -202.238037, -1507.892700, 3.851998, 255.750000, 1200, 0, 0, 0, 0, 1, 0, -1, -1, NULL, NULL);
INSERT INTO `spawn2` (`id`, `spawngroupID`, `zone`, `version`, `x`, `y`, `z`, `heading`, `respawntime`, `variance`, `pathgrid`, `path_when_zone_idle`, `_condition`, `cond_value`, `animation`, `min_expansion`, `max_expansion`, `content_flags`, `content_flags_disabled`) VALUES (264756, 288128, 'ecommons', 0, 7.190000, -1652.699951, 3.750000, 380.000000, 1200, 0, 0, 0, 0, 1, 0, -1, -1, NULL, NULL);
INSERT INTO `spawn2` (`id`, `spawngroupID`, `zone`, `version`, `x`, `y`, `z`, `heading`, `respawntime`, `variance`, `pathgrid`, `path_when_zone_idle`, `_condition`, `cond_value`, `animation`, `min_expansion`, `max_expansion`, `content_flags`, `content_flags_disabled`) VALUES (264758, 288130, 'ecommons', 0, -280.446014, -1849.321777, 3.226998, 489.000000, 1200, 0, 0, 0, 0, 1, 0, -1, -1, NULL, NULL);
INSERT INTO `spawn2` (`id`, `spawngroupID`, `zone`, `version`, `x`, `y`, `z`, `heading`, `respawntime`, `variance`, `pathgrid`, `path_when_zone_idle`, `_condition`, `cond_value`, `animation`, `min_expansion`, `max_expansion`, `content_flags`, `content_flags_disabled`) VALUES (264759, 288131, 'ecommons', 0, -287.384033, -1849.129150, 3.226998, 491.750000, 1200, 0, 0, 0, 0, 1, 0, -1, -1, NULL, NULL);
INSERT INTO `spawn2` (`id`, `spawngroupID`, `zone`, `version`, `x`, `y`, `z`, `heading`, `respawntime`, `variance`, `pathgrid`, `path_when_zone_idle`, `_condition`, `cond_value`, `animation`, `min_expansion`, `max_expansion`, `content_flags`, `content_flags_disabled`) VALUES (264760, 288132, 'ecommons', 0, -294.720947, -1848.220215, 3.226998, 506.000000, 1200, 0, 0, 0, 0, 1, 0, -1, -1, NULL, NULL);
INSERT INTO `spawn2` (`id`, `spawngroupID`, `zone`, `version`, `x`, `y`, `z`, `heading`, `respawntime`, `variance`, `pathgrid`, `path_when_zone_idle`, `_condition`, `cond_value`, `animation`, `min_expansion`, `max_expansion`, `content_flags`, `content_flags_disabled`) VALUES (264761, 288133, 'ecommons', 0, -303.991302, -1847.008667, 3.226998, 506.750000, 1200, 0, 0, 0, 0, 1, 0, -1, -1, NULL, NULL);
INSERT INTO `spawn2` (`id`, `spawngroupID`, `zone`, `version`, `x`, `y`, `z`, `heading`, `respawntime`, `variance`, `pathgrid`, `path_when_zone_idle`, `_condition`, `cond_value`, `animation`, `min_expansion`, `max_expansion`, `content_flags`, `content_flags_disabled`) VALUES (264762, 288134, 'ecommons', 0, -312.650757, -1843.116699, 3.226998, 13.500000, 1200, 0, 0, 0, 0, 1, 0, -1, -1, NULL, NULL);
INSERT INTO `spawn2` (`id`, `spawngroupID`, `zone`, `version`, `x`, `y`, `z`, `heading`, `respawntime`, `variance`, `pathgrid`, `path_when_zone_idle`, `_condition`, `cond_value`, `animation`, `min_expansion`, `max_expansion`, `content_flags`, `content_flags_disabled`) VALUES (264763, 288135, 'ecommons', 0, -388.393860, -1701.168701, 3.226998, 88.000000, 1200, 0, 0, 0, 0, 1, 0, -1, -1, NULL, NULL);
INSERT INTO `spawn2` (`id`, `spawngroupID`, `zone`, `version`, `x`, `y`, `z`, `heading`, `respawntime`, `variance`, `pathgrid`, `path_when_zone_idle`, `_condition`, `cond_value`, `animation`, `min_expansion`, `max_expansion`, `content_flags`, `content_flags_disabled`) VALUES (264764, 288136, 'ecommons', 0, -390.694763, -1694.152100, 3.226998, 94.500000, 1200, 0, 0, 0, 0, 1, 0, -1, -1, NULL, NULL);
INSERT INTO `spawn2` (`id`, `spawngroupID`, `zone`, `version`, `x`, `y`, `z`, `heading`, `respawntime`, `variance`, `pathgrid`, `path_when_zone_idle`, `_condition`, `cond_value`, `animation`, `min_expansion`, `max_expansion`, `content_flags`, `content_flags_disabled`) VALUES (264765, 288137, 'ecommons', 0, -390.923645, -1687.062866, 3.226998, 122.000000, 1200, 0, 0, 0, 0, 1, 0, -1, -1, NULL, NULL);
INSERT INTO `spawn2` (`id`, `spawngroupID`, `zone`, `version`, `x`, `y`, `z`, `heading`, `respawntime`, `variance`, `pathgrid`, `path_when_zone_idle`, `_condition`, `cond_value`, `animation`, `min_expansion`, `max_expansion`, `content_flags`, `content_flags_disabled`) VALUES (264766, 288138, 'ecommons', 0, -391.204468, -1680.240967, 3.226998, 129.000000, 1200, 0, 0, 0, 0, 1, 0, -1, -1, NULL, NULL);
INSERT INTO `spawn2` (`id`, `spawngroupID`, `zone`, `version`, `x`, `y`, `z`, `heading`, `respawntime`, `variance`, `pathgrid`, `path_when_zone_idle`, `_condition`, `cond_value`, `animation`, `min_expansion`, `max_expansion`, `content_flags`, `content_flags_disabled`) VALUES (264767, 288139, 'ecommons', 0, -387.215179, -1671.742310, 3.226998, 160.000000, 1200, 0, 0, 0, 0, 1, 0, -1, -1, NULL, NULL);
INSERT INTO `spawn2` (`id`, `spawngroupID`, `zone`, `version`, `x`, `y`, `z`, `heading`, `respawntime`, `variance`, `pathgrid`, `path_when_zone_idle`, `_condition`, `cond_value`, `animation`, `min_expansion`, `max_expansion`, `content_flags`, `content_flags_disabled`) VALUES (264768, 288140, 'ecommons', 0, -382.208038, -1666.393433, 3.226998, 166.750000, 1200, 0, 0, 0, 0, 1, 0, -1, -1, NULL, NULL);
INSERT INTO `spawn2` (`id`, `spawngroupID`, `zone`, `version`, `x`, `y`, `z`, `heading`, `respawntime`, `variance`, `pathgrid`, `path_when_zone_idle`, `_condition`, `cond_value`, `animation`, `min_expansion`, `max_expansion`, `content_flags`, `content_flags_disabled`) VALUES (264769, 288141, 'ecommons', 0, -274.953552, -1848.369263, 3.226998, 466.250000, 1200, 0, 0, 0, 0, 1, 0, -1, -1, NULL, NULL);
INSERT INTO `spawn2` (`id`, `spawngroupID`, `zone`, `version`, `x`, `y`, `z`, `heading`, `respawntime`, `variance`, `pathgrid`, `path_when_zone_idle`, `_condition`, `cond_value`, `animation`, `min_expansion`, `max_expansion`, `content_flags`, `content_flags_disabled`) VALUES (264770, 288142, 'ecommons', 0, -267.736206, -1842.099731, 3.226998, 436.000000, 1200, 0, 0, 0, 0, 1, 0, -1, -1, NULL, NULL);
INSERT INTO `spawn2` (`id`, `spawngroupID`, `zone`, `version`, `x`, `y`, `z`, `heading`, `respawntime`, `variance`, `pathgrid`, `path_when_zone_idle`, `_condition`, `cond_value`, `animation`, `min_expansion`, `max_expansion`, `content_flags`, `content_flags_disabled`) VALUES (264771, 288143, 'ecommons', 0, -263.949310, -1834.667725, 3.226998, 420.000000, 1200, 0, 0, 0, 0, 1, 0, -1, -1, NULL, NULL);
INSERT INTO `spawn2` (`id`, `spawngroupID`, `zone`, `version`, `x`, `y`, `z`, `heading`, `respawntime`, `variance`, `pathgrid`, `path_when_zone_idle`, `_condition`, `cond_value`, `animation`, `min_expansion`, `max_expansion`, `content_flags`, `content_flags_disabled`) VALUES (264772, 288144, 'ecommons', 0, -131.527863, -1843.372925, 3.226998, 480.750000, 1200, 0, 0, 0, 0, 1, 0, -1, -1, NULL, NULL);
INSERT INTO `spawn2` (`id`, `spawngroupID`, `zone`, `version`, `x`, `y`, `z`, `heading`, `respawntime`, `variance`, `pathgrid`, `path_when_zone_idle`, `_condition`, `cond_value`, `animation`, `min_expansion`, `max_expansion`, `content_flags`, `content_flags_disabled`) VALUES (264773, 288145, 'ecommons', 0, -124.651512, -1843.372314, 3.226998, 495.500000, 1200, 0, 0, 0, 0, 1, 0, -1, -1, NULL, NULL);
INSERT INTO `spawn2` (`id`, `spawngroupID`, `zone`, `version`, `x`, `y`, `z`, `heading`, `respawntime`, `variance`, `pathgrid`, `path_when_zone_idle`, `_condition`, `cond_value`, `animation`, `min_expansion`, `max_expansion`, `content_flags`, `content_flags_disabled`) VALUES (264774, 288146, 'ecommons', 0, -106.377754, -1838.421875, 3.226998, 479.750000, 1200, 0, 0, 0, 0, 1, 0, -1, -1, NULL, NULL);
INSERT INTO `spawn2` (`id`, `spawngroupID`, `zone`, `version`, `x`, `y`, `z`, `heading`, `respawntime`, `variance`, `pathgrid`, `path_when_zone_idle`, `_condition`, `cond_value`, `animation`, `min_expansion`, `max_expansion`, `content_flags`, `content_flags_disabled`) VALUES (264775, 288147, 'ecommons', 0, -98.114418, -1834.215820, 3.226998, 458.500000, 1200, 0, 0, 0, 0, 1, 0, -1, -1, NULL, NULL);
INSERT INTO `spawn2` (`id`, `spawngroupID`, `zone`, `version`, `x`, `y`, `z`, `heading`, `respawntime`, `variance`, `pathgrid`, `path_when_zone_idle`, `_condition`, `cond_value`, `animation`, `min_expansion`, `max_expansion`, `content_flags`, `content_flags_disabled`) VALUES (264776, 288148, 'ecommons', 0, -147.570526, -1840.573364, 3.226998, 21.750000, 1200, 0, 0, 0, 0, 1, 0, -1, -1, NULL, NULL);
INSERT INTO `spawn2` (`id`, `spawngroupID`, `zone`, `version`, `x`, `y`, `z`, `heading`, `respawntime`, `variance`, `pathgrid`, `path_when_zone_idle`, `_condition`, `cond_value`, `animation`, `min_expansion`, `max_expansion`, `content_flags`, `content_flags_disabled`) VALUES (264777, 288149, 'ecommons', 0, -141.604950, -1844.265381, 3.226998, 13.250000, 1200, 0, 0, 0, 0, 1, 0, -1, -1, NULL, NULL);
INSERT INTO `spawn2` (`id`, `spawngroupID`, `zone`, `version`, `x`, `y`, `z`, `heading`, `respawntime`, `variance`, `pathgrid`, `path_when_zone_idle`, `_condition`, `cond_value`, `animation`, `min_expansion`, `max_expansion`, `content_flags`, `content_flags_disabled`) VALUES (264778, 288150, 'ecommons', 0, -174.716751, -1842.289795, 3.226998, 16.750000, 1200, 0, 0, 0, 0, 1, 0, -1, -1, NULL, NULL);
INSERT INTO `spawn2` (`id`, `spawngroupID`, `zone`, `version`, `x`, `y`, `z`, `heading`, `respawntime`, `variance`, `pathgrid`, `path_when_zone_idle`, `_condition`, `cond_value`, `animation`, `min_expansion`, `max_expansion`, `content_flags`, `content_flags_disabled`) VALUES (264779, 288151, 'ecommons', 0, -166.380173, -1842.512451, 3.226998, 6.500000, 1200, 0, 0, 0, 0, 1, 0, -1, -1, NULL, NULL);
INSERT INTO `spawn2` (`id`, `spawngroupID`, `zone`, `version`, `x`, `y`, `z`, `heading`, `respawntime`, `variance`, `pathgrid`, `path_when_zone_idle`, `_condition`, `cond_value`, `animation`, `min_expansion`, `max_expansion`, `content_flags`, `content_flags_disabled`) VALUES (264780, 288152, 'ecommons', 0, -159.719833, -1842.721680, 3.226998, 505.750000, 1200, 0, 0, 0, 0, 1, 0, -1, -1, NULL, NULL);
INSERT INTO `spawn2` (`id`, `spawngroupID`, `zone`, `version`, `x`, `y`, `z`, `heading`, `respawntime`, `variance`, `pathgrid`, `path_when_zone_idle`, `_condition`, `cond_value`, `animation`, `min_expansion`, `max_expansion`, `content_flags`, `content_flags_disabled`) VALUES (264781, 288153, 'ecommons', 0, -153.963287, -1841.182739, 3.226998, 22.000000, 1200, 0, 0, 0, 0, 1, 0, -1, -1, NULL, NULL);
INSERT INTO `spawn2` (`id`, `spawngroupID`, `zone`, `version`, `x`, `y`, `z`, `heading`, `respawntime`, `variance`, `pathgrid`, `path_when_zone_idle`, `_condition`, `cond_value`, `animation`, `min_expansion`, `max_expansion`, `content_flags`, `content_flags_disabled`) VALUES (264782, 288154, 'ecommons', 0, -147.570526, -1840.573364, 3.226998, 21.750000, 1200, 0, 0, 0, 0, 1, 0, -1, -1, NULL, NULL);
INSERT INTO `spawn2` (`id`, `spawngroupID`, `zone`, `version`, `x`, `y`, `z`, `heading`, `respawntime`, `variance`, `pathgrid`, `path_when_zone_idle`, `_condition`, `cond_value`, `animation`, `min_expansion`, `max_expansion`, `content_flags`, `content_flags_disabled`) VALUES (264783, 288155, 'ecommons', 0, -141.604950, -1844.265381, 3.226998, 13.250000, 1200, 0, 0, 0, 0, 1, 0, -1, -1, NULL, NULL);
INSERT INTO `spawn2` (`id`, `spawngroupID`, `zone`, `version`, `x`, `y`, `z`, `heading`, `respawntime`, `variance`, `pathgrid`, `path_when_zone_idle`, `_condition`, `cond_value`, `animation`, `min_expansion`, `max_expansion`, `content_flags`, `content_flags_disabled`) VALUES (264802, 288174, 'ecommons', 0, -183.919998, -1507.390015, 3.120000, 236.500000, 1200, 0, 0, 0, 0, 1, 0, -1, -1, NULL, NULL);
INSERT INTO `spawn2` (`id`, `spawngroupID`, `zone`, `version`, `x`, `y`, `z`, `heading`, `respawntime`, `variance`, `pathgrid`, `path_when_zone_idle`, `_condition`, `cond_value`, `animation`, `min_expansion`, `max_expansion`, `content_flags`, `content_flags_disabled`) VALUES (264816, 288188, 'ecommons', 0, -175.846695, -1637.547974, 3.226998, 42.000000, 1200, 0, 0, 0, 0, 1, 0, -1, -1, NULL, NULL);
INSERT INTO `spawn2` (`id`, `spawngroupID`, `zone`, `version`, `x`, `y`, `z`, `heading`, `respawntime`, `variance`, `pathgrid`, `path_when_zone_idle`, `_condition`, `cond_value`, `animation`, `min_expansion`, `max_expansion`, `content_flags`, `content_flags_disabled`) VALUES (264818, 288190, 'ecommons', 0, -375.910004, -1572.089966, 5.000000, 42.500000, 1200, 0, 0, 0, 0, 1, 0, -1, -1, NULL, NULL);
INSERT INTO `spawn2` (`id`, `spawngroupID`, `zone`, `version`, `x`, `y`, `z`, `heading`, `respawntime`, `variance`, `pathgrid`, `path_when_zone_idle`, `_condition`, `cond_value`, `animation`, `min_expansion`, `max_expansion`, `content_flags`, `content_flags_disabled`) VALUES (264819, 288191, 'ecommons', 0, -268.970001, -1655.209961, 5.000000, 266.500000, 1200, 0, 0, 0, 0, 1, 0, -1, -1, NULL, NULL);
INSERT INTO `spawn2` (`id`, `spawngroupID`, `zone`, `version`, `x`, `y`, `z`, `heading`, `respawntime`, `variance`, `pathgrid`, `path_when_zone_idle`, `_condition`, `cond_value`, `animation`, `min_expansion`, `max_expansion`, `content_flags`, `content_flags_disabled`) VALUES (264820, 288192, 'ecommons', 0, -212.940002, -1724.219971, 4.380000, 316.750000, 1200, 0, 0, 0, 0, 1, 0, -1, -1, NULL, NULL);
INSERT INTO `spawn2` (`id`, `spawngroupID`, `zone`, `version`, `x`, `y`, `z`, `heading`, `respawntime`, `variance`, `pathgrid`, `path_when_zone_idle`, `_condition`, `cond_value`, `animation`, `min_expansion`, `max_expansion`, `content_flags`, `content_flags_disabled`) VALUES (264821, 288193, 'ecommons', 0, -223.919998, -1647.989990, 3.750000, 238.500000, 1200, 0, 0, 0, 0, 1, 0, -1, -1, NULL, NULL);
INSERT INTO `spawn2` (`id`, `spawngroupID`, `zone`, `version`, `x`, `y`, `z`, `heading`, `respawntime`, `variance`, `pathgrid`, `path_when_zone_idle`, `_condition`, `cond_value`, `animation`, `min_expansion`, `max_expansion`, `content_flags`, `content_flags_disabled`) VALUES (264822, 288194, 'ecommons', 0, -346.070007, -1551.599976, 3.750000, 373.000000, 1200, 0, 0, 0, 0, 1, 0, -1, -1, NULL, NULL);
INSERT INTO `spawn2` (`id`, `spawngroupID`, `zone`, `version`, `x`, `y`, `z`, `heading`, `respawntime`, `variance`, `pathgrid`, `path_when_zone_idle`, `_condition`, `cond_value`, `animation`, `min_expansion`, `max_expansion`, `content_flags`, `content_flags_disabled`) VALUES (264823, 288195, 'ecommons', 0, -226.410004, -1741.780029, 3.750000, 54.750000, 1200, 0, 0, 0, 0, 1, 0, -1, -1, NULL, NULL);
INSERT INTO `spawn2` (`id`, `spawngroupID`, `zone`, `version`, `x`, `y`, `z`, `heading`, `respawntime`, `variance`, `pathgrid`, `path_when_zone_idle`, `_condition`, `cond_value`, `animation`, `min_expansion`, `max_expansion`, `content_flags`, `content_flags_disabled`) VALUES (264824, 288196, 'ecommons', 0, -416.579987, -1632.939941, 3.750000, 251.000000, 1200, 0, 0, 0, 0, 1, 0, -1, -1, NULL, NULL);
INSERT INTO `spawn2` (`id`, `spawngroupID`, `zone`, `version`, `x`, `y`, `z`, `heading`, `respawntime`, `variance`, `pathgrid`, `path_when_zone_idle`, `_condition`, `cond_value`, `animation`, `min_expansion`, `max_expansion`, `content_flags`, `content_flags_disabled`) VALUES (264825, 288197, 'ecommons', 0, -281.910004, -1664.739990, 3.560000, 99.250000, 1200, 0, 0, 0, 0, 1, 0, -1, -1, NULL, NULL);
INSERT INTO `spawn2` (`id`, `spawngroupID`, `zone`, `version`, `x`, `y`, `z`, `heading`, `respawntime`, `variance`, `pathgrid`, `path_when_zone_idle`, `_condition`, `cond_value`, `animation`, `min_expansion`, `max_expansion`, `content_flags`, `content_flags_disabled`) VALUES (264828, 288200, 'ecommons', 0, 7.177697, -1571.037476, 4.759531, 367.000000, 1200, 0, 0, 0, 0, 1, 0, -1, -1, NULL, NULL);
INSERT INTO `spawn2` (`id`, `spawngroupID`, `zone`, `version`, `x`, `y`, `z`, `heading`, `respawntime`, `variance`, `pathgrid`, `path_when_zone_idle`, `_condition`, `cond_value`, `animation`, `min_expansion`, `max_expansion`, `content_flags`, `content_flags_disabled`) VALUES (264832, 288204, 'ecommons', 0, -358.854523, -1829.652588, 3.226998, 60.750000, 1200, 0, 0, 0, 0, 1, 0, -1, -1, NULL, NULL);
INSERT INTO `spawn2` (`id`, `spawngroupID`, `zone`, `version`, `x`, `y`, `z`, `heading`, `respawntime`, `variance`, `pathgrid`, `path_when_zone_idle`, `_condition`, `cond_value`, `animation`, `min_expansion`, `max_expansion`, `content_flags`, `content_flags_disabled`) VALUES (264833, 288205, 'ecommons', 0, -363.415375, -1825.590698, 3.226998, 69.500000, 1200, 0, 0, 0, 0, 1, 0, -1, -1, NULL, NULL);
INSERT INTO `spawn2` (`id`, `spawngroupID`, `zone`, `version`, `x`, `y`, `z`, `heading`, `respawntime`, `variance`, `pathgrid`, `path_when_zone_idle`, `_condition`, `cond_value`, `animation`, `min_expansion`, `max_expansion`, `content_flags`, `content_flags_disabled`) VALUES (264834, 288206, 'ecommons', 0, -368.132568, -1820.251709, 3.226999, 69.500000, 1200, 0, 0, 0, 0, 1, 0, -1, -1, NULL, NULL);
INSERT INTO `spawn2` (`id`, `spawngroupID`, `zone`, `version`, `x`, `y`, `z`, `heading`, `respawntime`, `variance`, `pathgrid`, `path_when_zone_idle`, `_condition`, `cond_value`, `animation`, `min_expansion`, `max_expansion`, `content_flags`, `content_flags_disabled`) VALUES (264835, 288207, 'ecommons', 0, -372.060150, -1815.802490, 3.226998, 69.500000, 1200, 0, 0, 0, 0, 1, 0, -1, -1, NULL, NULL);
INSERT INTO `spawn2` (`id`, `spawngroupID`, `zone`, `version`, `x`, `y`, `z`, `heading`, `respawntime`, `variance`, `pathgrid`, `path_when_zone_idle`, `_condition`, `cond_value`, `animation`, `min_expansion`, `max_expansion`, `content_flags`, `content_flags_disabled`) VALUES (264836, 288208, 'ecommons', 0, -376.062042, -1811.159180, 3.226998, 70.250000, 1200, 0, 0, 0, 0, 1, 0, -1, -1, NULL, NULL);
INSERT INTO `spawn2` (`id`, `spawngroupID`, `zone`, `version`, `x`, `y`, `z`, `heading`, `respawntime`, `variance`, `pathgrid`, `path_when_zone_idle`, `_condition`, `cond_value`, `animation`, `min_expansion`, `max_expansion`, `content_flags`, `content_flags_disabled`) VALUES (264837, 288209, 'ecommons', 0, -380.002228, -1806.587524, 3.226998, 70.250000, 1200, 0, 0, 0, 0, 1, 0, -1, -1, NULL, NULL);
INSERT INTO `spawn2` (`id`, `spawngroupID`, `zone`, `version`, `x`, `y`, `z`, `heading`, `respawntime`, `variance`, `pathgrid`, `path_when_zone_idle`, `_condition`, `cond_value`, `animation`, `min_expansion`, `max_expansion`, `content_flags`, `content_flags_disabled`) VALUES (264838, 288210, 'ecommons', 0, -383.949707, -1802.000122, 3.226998, 70.250000, 1200, 0, 0, 0, 0, 1, 0, -1, -1, NULL, NULL);
INSERT INTO `spawn2` (`id`, `spawngroupID`, `zone`, `version`, `x`, `y`, `z`, `heading`, `respawntime`, `variance`, `pathgrid`, `path_when_zone_idle`, `_condition`, `cond_value`, `animation`, `min_expansion`, `max_expansion`, `content_flags`, `content_flags_disabled`) VALUES (264839, 288211, 'ecommons', 0, -387.916382, -1797.397949, 3.226998, 70.250000, 1200, 0, 0, 0, 0, 1, 0, -1, -1, NULL, NULL);
INSERT INTO `spawn2` (`id`, `spawngroupID`, `zone`, `version`, `x`, `y`, `z`, `heading`, `respawntime`, `variance`, `pathgrid`, `path_when_zone_idle`, `_condition`, `cond_value`, `animation`, `min_expansion`, `max_expansion`, `content_flags`, `content_flags_disabled`) VALUES (264840, 288212, 'ecommons', 0, -391.303772, -1793.457764, 3.226998, 70.250000, 1200, 0, 0, 0, 0, 1, 0, -1, -1, NULL, NULL);
INSERT INTO `spawn2` (`id`, `spawngroupID`, `zone`, `version`, `x`, `y`, `z`, `heading`, `respawntime`, `variance`, `pathgrid`, `path_when_zone_idle`, `_condition`, `cond_value`, `animation`, `min_expansion`, `max_expansion`, `content_flags`, `content_flags_disabled`) VALUES (264841, 288213, 'ecommons', 0, -394.869293, -1789.320557, 3.226998, 70.250000, 1200, 0, 0, 0, 0, 1, 0, -1, -1, NULL, NULL);
INSERT INTO `spawn2` (`id`, `spawngroupID`, `zone`, `version`, `x`, `y`, `z`, `heading`, `respawntime`, `variance`, `pathgrid`, `path_when_zone_idle`, `_condition`, `cond_value`, `animation`, `min_expansion`, `max_expansion`, `content_flags`, `content_flags_disabled`) VALUES (264842, 288214, 'ecommons', 0, -356.009460, -1834.611938, 3.226998, 75.750000, 1200, 0, 0, 0, 0, 1, 0, -1, -1, NULL, NULL);
INSERT INTO `spawn2` (`id`, `spawngroupID`, `zone`, `version`, `x`, `y`, `z`, `heading`, `respawntime`, `variance`, `pathgrid`, `path_when_zone_idle`, `_condition`, `cond_value`, `animation`, `min_expansion`, `max_expansion`, `content_flags`, `content_flags_disabled`) VALUES (264843, 288215, 'ecommons', 0, -352.672577, -1838.946777, 3.226998, 73.250000, 1200, 0, 0, 0, 0, 1, 0, -1, -1, NULL, NULL);
INSERT INTO `spawn2` (`id`, `spawngroupID`, `zone`, `version`, `x`, `y`, `z`, `heading`, `respawntime`, `variance`, `pathgrid`, `path_when_zone_idle`, `_condition`, `cond_value`, `animation`, `min_expansion`, `max_expansion`, `content_flags`, `content_flags_disabled`) VALUES (264886, 288257, 'ecommons', 0, 4813.860352, 326.917450, -49.153728, 253.750000, 2400, 1200, 0, 0, 0, 1, 0, -1, -1, NULL, NULL);
INSERT INTO `spawn2` (`id`, `spawngroupID`, `zone`, `version`, `x`, `y`, `z`, `heading`, `respawntime`, `variance`, `pathgrid`, `path_when_zone_idle`, `_condition`, `cond_value`, `animation`, `min_expansion`, `max_expansion`, `content_flags`, `content_flags_disabled`) VALUES (264889, 288260, 'ecommons', 0, 43.929565, -1846.565918, 5.287332, 441.250000, 1200, 0, 0, 0, 0, 1, 0, -1, -1, NULL, NULL);
INSERT INTO `spawn2` (`id`, `spawngroupID`, `zone`, `version`, `x`, `y`, `z`, `heading`, `respawntime`, `variance`, `pathgrid`, `path_when_zone_idle`, `_condition`, `cond_value`, `animation`, `min_expansion`, `max_expansion`, `content_flags`, `content_flags_disabled`) VALUES (264890, 288261, 'ecommons', 0, 41.676563, -1858.850464, 4.839980, 452.000000, 1200, 0, 0, 0, 0, 1, 0, -1, -1, NULL, NULL);
INSERT INTO `spawn2` (`id`, `spawngroupID`, `zone`, `version`, `x`, `y`, `z`, `heading`, `respawntime`, `variance`, `pathgrid`, `path_when_zone_idle`, `_condition`, `cond_value`, `animation`, `min_expansion`, `max_expansion`, `content_flags`, `content_flags_disabled`) VALUES (264891, 288262, 'ecommons', 0, 52.892948, -1835.833252, 4.898160, 424.750000, 1200, 0, 0, 0, 0, 1, 0, -1, -1, NULL, NULL);



/*Agent of Change*/

INSERT INTO `npc_types` (`id`, `name`, `lastname`, `level`, `race`, `class`, `bodytype`, `hp`, `mana`, `gender`, `texture`, `helmtexture`, `herosforgemodel`, `size`, `hp_regen_rate`, `hp_regen_per_second`, `mana_regen_rate`, `loottable_id`, `merchant_id`, `alt_currency_id`, `npc_spells_id`, `npc_spells_effects_id`, `npc_faction_id`, `adventure_template_id`, `trap_template`, `mindmg`, `maxdmg`, `attack_count`, `npcspecialattks`, `special_abilities`, `aggroradius`, `assistradius`, `face`, `luclin_hairstyle`, `luclin_haircolor`, `luclin_eyecolor`, `luclin_eyecolor2`, `luclin_beardcolor`, `luclin_beard`, `drakkin_heritage`, `drakkin_tattoo`, `drakkin_details`, `armortint_id`, `armortint_red`, `armortint_green`, `armortint_blue`, `d_melee_texture1`, `d_melee_texture2`, `ammo_idfile`, `prim_melee_type`, `sec_melee_type`, `ranged_type`, `runspeed`, `MR`, `CR`, `DR`, `FR`, `PR`, `Corrup`, `PhR`, `see_invis`, `see_invis_undead`, `qglobal`, `AC`, `npc_aggro`, `spawn_limit`, `attack_speed`, `attack_delay`, `findable`, `STR`, `STA`, `DEX`, `AGI`, `_INT`, `WIS`, `CHA`, `see_hide`, `see_improved_hide`, `trackable`, `isbot`, `exclude`, `ATK`, `Accuracy`, `Avoidance`, `slow_mitigation`, `version`, `maxlevel`, `scalerate`, `private_corpse`, `unique_spawn_by_name`, `underwater`, `isquest`, `emoteid`, `spellscale`, `healscale`, `no_target_hotkey`, `raid_target`, `armtexture`, `bracertexture`, `handtexture`, `legtexture`, `feettexture`, `light`, `walkspeed`, `peqid`, `unique_`, `fixed`, `ignore_despawn`, `show_name`, `untargetable`, `charm_ac`, `charm_min_dmg`, `charm_max_dmg`, `charm_attack_delay`, `charm_accuracy_rating`, `charm_avoidance_rating`, `charm_atk`, `skip_global_loot`, `rare_spawn`, `stuck_behavior`, `model`, `flymode`, `always_aggro`, `exp_mod`, `heroic_strikethrough`, `faction_amount`, `keeps_sold_items`) VALUES (95108, 'Agent_of_Change', '', 50, 85, 1, 1, 9999999, 1, 2, 0, 0, 0, 8, 0, 0, 0, 0, 0, 0, 0, 0, 0, 0, 0, 60, 174, -1, '', '24,1^25,1^35,1', 70, 0, 0, 0, 0, 0, 0, 0, 0, 0, 0, 0, 0, 0, 0, 0, 0, 0, 'IT10', 28, 28, 7, 1.25, 999, 20, 20, 20, 20, 20, 32, 0, 0, 1, 9999, 0, 0, 0, 30, 1, 161, 161, 161, 161, 161, 161, 161, 0, 0, 1, 0, 1, 0, 0, 0, 99, 0, 0, 100, 0, 0, 0, 1, 0, 100, 100, 0, 0, 0, 0, 0, 0, 0, 0, 0, 0, 0, 0, 0, 1, 0, 0, 0, 0, 0, 0, 0, 0, 0, 0, 0, 0, -1, 0, 100, 0, 0, 1);
INSERT INTO `npc_types` (`id`, `name`, `lastname`, `level`, `race`, `class`, `bodytype`, `hp`, `mana`, `gender`, `texture`, `helmtexture`, `herosforgemodel`, `size`, `hp_regen_rate`, `hp_regen_per_second`, `mana_regen_rate`, `loottable_id`, `merchant_id`, `alt_currency_id`, `npc_spells_id`, `npc_spells_effects_id`, `npc_faction_id`, `adventure_template_id`, `trap_template`, `mindmg`, `maxdmg`, `attack_count`, `npcspecialattks`, `special_abilities`, `aggroradius`, `assistradius`, `face`, `luclin_hairstyle`, `luclin_haircolor`, `luclin_eyecolor`, `luclin_eyecolor2`, `luclin_beardcolor`, `luclin_beard`, `drakkin_heritage`, `drakkin_tattoo`, `drakkin_details`, `armortint_id`, `armortint_red`, `armortint_green`, `armortint_blue`, `d_melee_texture1`, `d_melee_texture2`, `ammo_idfile`, `prim_melee_type`, `sec_melee_type`, `ranged_type`, `runspeed`, `MR`, `CR`, `DR`, `FR`, `PR`, `Corrup`, `PhR`, `see_invis`, `see_invis_undead`, `qglobal`, `AC`, `npc_aggro`, `spawn_limit`, `attack_speed`, `attack_delay`, `findable`, `STR`, `STA`, `DEX`, `AGI`, `_INT`, `WIS`, `CHA`, `see_hide`, `see_improved_hide`, `trackable`, `isbot`, `exclude`, `ATK`, `Accuracy`, `Avoidance`, `slow_mitigation`, `version`, `maxlevel`, `scalerate`, `private_corpse`, `unique_spawn_by_name`, `underwater`, `isquest`, `emoteid`, `spellscale`, `healscale`, `no_target_hotkey`, `raid_target`, `armtexture`, `bracertexture`, `handtexture`, `legtexture`, `feettexture`, `light`, `walkspeed`, `peqid`, `unique_`, `fixed`, `ignore_despawn`, `show_name`, `untargetable`, `charm_ac`, `charm_min_dmg`, `charm_max_dmg`, `charm_attack_delay`, `charm_accuracy_rating`, `charm_avoidance_rating`, `charm_atk`, `skip_global_loot`, `rare_spawn`, `stuck_behavior`, `model`, `flymode`, `always_aggro`, `exp_mod`, `heroic_strikethrough`, `faction_amount`, `keeps_sold_items`) VALUES (116009, 'Agent_of_Change (Kael)', '', 50, 85, 1, 1, 9999999, 1, 2, 0, 0, 0, 8, 0, 0, 0, 0, 0, 0, 0, 0, 0, 0, 0, 60, 174, -1, '', '24,1^25,1^35,1', 70, 0, 0, 0, 0, 0, 0, 0, 0, 0, 0, 0, 0, 0, 0, 0, 0, 0, 'IT10', 28, 28, 7, 1.25, 999, 20, 20, 20, 20, 20, 32, 0, 0, 1, 9999, 0, 0, 0, 30, 1, 161, 161, 161, 161, 161, 161, 161, 0, 0, 1, 0, 1, 0, 0, 0, 99, 0, 0, 100, 0, 0, 0, 1, 0, 100, 100, 0, 0, 0, 0, 0, 0, 0, 0, 0, 0, 0, 0, 0, 1, 0, 0, 0, 0, 0, 0, 0, 0, 0, 0, 0, 0, -1, 0, 100, 0, 0, 1);
INSERT INTO `npc_types` (`id`, `name`, `lastname`, `level`, `race`, `class`, `bodytype`, `hp`, `mana`, `gender`, `texture`, `helmtexture`, `herosforgemodel`, `size`, `hp_regen_rate`, `hp_regen_per_second`, `mana_regen_rate`, `loottable_id`, `merchant_id`, `alt_currency_id`, `npc_spells_id`, `npc_spells_effects_id`, `npc_faction_id`, `adventure_template_id`, `trap_template`, `mindmg`, `maxdmg`, `attack_count`, `npcspecialattks`, `special_abilities`, `aggroradius`, `assistradius`, `face`, `luclin_hairstyle`, `luclin_haircolor`, `luclin_eyecolor`, `luclin_eyecolor2`, `luclin_beardcolor`, `luclin_beard`, `drakkin_heritage`, `drakkin_tattoo`, `drakkin_details`, `armortint_id`, `armortint_red`, `armortint_green`, `armortint_blue`, `d_melee_texture1`, `d_melee_texture2`, `ammo_idfile`, `prim_melee_type`, `sec_melee_type`, `ranged_type`, `runspeed`, `MR`, `CR`, `DR`, `FR`, `PR`, `Corrup`, `PhR`, `see_invis`, `see_invis_undead`, `qglobal`, `AC`, `npc_aggro`, `spawn_limit`, `attack_speed`, `attack_delay`, `findable`, `STR`, `STA`, `DEX`, `AGI`, `_INT`, `WIS`, `CHA`, `see_hide`, `see_improved_hide`, `trackable`, `isbot`, `exclude`, `ATK`, `Accuracy`, `Avoidance`, `slow_mitigation`, `version`, `maxlevel`, `scalerate`, `private_corpse`, `unique_spawn_by_name`, `underwater`, `isquest`, `emoteid`, `spellscale`, `healscale`, `no_target_hotkey`, `raid_target`, `armtexture`, `bracertexture`, `handtexture`, `legtexture`, `feettexture`, `light`, `walkspeed`, `peqid`, `unique_`, `fixed`, `ignore_despawn`, `show_name`, `untargetable`, `charm_ac`, `charm_min_dmg`, `charm_max_dmg`, `charm_attack_delay`, `charm_accuracy_rating`, `charm_avoidance_rating`, `charm_atk`, `skip_global_loot`, `rare_spawn`, `stuck_behavior`, `model`, `flymode`, `always_aggro`, `exp_mod`, `heroic_strikethrough`, `faction_amount`, `keeps_sold_items`) VALUES (116213, 'Agent_of_Change (Sleeper)', '', 50, 85, 1, 1, 9999999, 1, 2, 0, 0, 0, 8, 0, 0, 0, 0, 0, 0, 0, 0, 0, 0, 0, 60, 174, -1, '', '24,1^25,1^35,1', 70, 0, 0, 0, 0, 0, 0, 0, 0, 0, 0, 0, 0, 0, 0, 0, 0, 0, 'IT10', 28, 28, 7, 1.25, 999, 20, 20, 20, 20, 20, 32, 0, 0, 1, 9999, 0, 0, 0, 30, 1, 161, 161, 161, 161, 161, 161, 161, 0, 0, 1, 0, 1, 0, 0, 0, 99, 0, 0, 100, 0, 0, 0, 1, 0, 100, 100, 0, 0, 0, 0, 0, 0, 0, 0, 0, 0, 0, 0, 0, 1, 0, 0, 0, 0, 0, 0, 0, 0, 0, 0, 0, 0, -1, 0, 100, 0, 0, 1);
INSERT INTO `npc_types` (`id`, `name`, `lastname`, `level`, `race`, `class`, `bodytype`, `hp`, `mana`, `gender`, `texture`, `helmtexture`, `herosforgemodel`, `size`, `hp_regen_rate`, `hp_regen_per_second`, `mana_regen_rate`, `loottable_id`, `merchant_id`, `alt_currency_id`, `npc_spells_id`, `npc_spells_effects_id`, `npc_faction_id`, `adventure_template_id`, `trap_template`, `mindmg`, `maxdmg`, `attack_count`, `npcspecialattks`, `special_abilities`, `aggroradius`, `assistradius`, `face`, `luclin_hairstyle`, `luclin_haircolor`, `luclin_eyecolor`, `luclin_eyecolor2`, `luclin_beardcolor`, `luclin_beard`, `drakkin_heritage`, `drakkin_tattoo`, `drakkin_details`, `armortint_id`, `armortint_red`, `armortint_green`, `armortint_blue`, `d_melee_texture1`, `d_melee_texture2`, `ammo_idfile`, `prim_melee_type`, `sec_melee_type`, `ranged_type`, `runspeed`, `MR`, `CR`, `DR`, `FR`, `PR`, `Corrup`, `PhR`, `see_invis`, `see_invis_undead`, `qglobal`, `AC`, `npc_aggro`, `spawn_limit`, `attack_speed`, `attack_delay`, `findable`, `STR`, `STA`, `DEX`, `AGI`, `_INT`, `WIS`, `CHA`, `see_hide`, `see_improved_hide`, `trackable`, `isbot`, `exclude`, `ATK`, `Accuracy`, `Avoidance`, `slow_mitigation`, `version`, `maxlevel`, `scalerate`, `private_corpse`, `unique_spawn_by_name`, `underwater`, `isquest`, `emoteid`, `spellscale`, `healscale`, `no_target_hotkey`, `raid_target`, `armtexture`, `bracertexture`, `handtexture`, `legtexture`, `feettexture`, `light`, `walkspeed`, `peqid`, `unique_`, `fixed`, `ignore_despawn`, `show_name`, `untargetable`, `charm_ac`, `charm_min_dmg`, `charm_max_dmg`, `charm_attack_delay`, `charm_accuracy_rating`, `charm_avoidance_rating`, `charm_atk`, `skip_global_loot`, `rare_spawn`, `stuck_behavior`, `model`, `flymode`, `always_aggro`, `exp_mod`, `heroic_strikethrough`, `faction_amount`, `keeps_sold_items`) VALUES (119185, 'Agent_of_Change (Growth)', '', 50, 85, 1, 1, 9999999, 1, 2, 0, 0, 0, 8, 0, 0, 0, 0, 0, 0, 0, 0, 0, 0, 0, 60, 174, -1, '', '24,1^25,1^35,1', 70, 0, 0, 0, 0, 0, 0, 0, 0, 0, 0, 0, 0, 0, 0, 0, 0, 0, 'IT10', 28, 28, 7, 1.25, 999, 20, 20, 20, 20, 20, 32, 0, 0, 1, 9999, 0, 0, 0, 30, 1, 161, 161, 161, 161, 161, 161, 161, 0, 0, 1, 0, 1, 0, 0, 0, 99, 0, 0, 100, 0, 0, 0, 1, 0, 100, 100, 0, 0, 0, 0, 0, 0, 0, 0, 0, 0, 0, 0, 0, 1, 0, 0, 0, 0, 0, 0, 0, 0, 0, 0, 0, 0, -1, 0, 100, 0, 0, 1);
INSERT INTO `npc_types` (`id`, `name`, `lastname`, `level`, `race`, `class`, `bodytype`, `hp`, `mana`, `gender`, `texture`, `helmtexture`, `herosforgemodel`, `size`, `hp_regen_rate`, `hp_regen_per_second`, `mana_regen_rate`, `loottable_id`, `merchant_id`, `alt_currency_id`, `npc_spells_id`, `npc_spells_effects_id`, `npc_faction_id`, `adventure_template_id`, `trap_template`, `mindmg`, `maxdmg`, `attack_count`, `npcspecialattks`, `special_abilities`, `aggroradius`, `assistradius`, `face`, `luclin_hairstyle`, `luclin_haircolor`, `luclin_eyecolor`, `luclin_eyecolor2`, `luclin_beardcolor`, `luclin_beard`, `drakkin_heritage`, `drakkin_tattoo`, `drakkin_details`, `armortint_id`, `armortint_red`, `armortint_green`, `armortint_blue`, `d_melee_texture1`, `d_melee_texture2`, `ammo_idfile`, `prim_melee_type`, `sec_melee_type`, `ranged_type`, `runspeed`, `MR`, `CR`, `DR`, `FR`, `PR`, `Corrup`, `PhR`, `see_invis`, `see_invis_undead`, `qglobal`, `AC`, `npc_aggro`, `spawn_limit`, `attack_speed`, `attack_delay`, `findable`, `STR`, `STA`, `DEX`, `AGI`, `_INT`, `WIS`, `CHA`, `see_hide`, `see_improved_hide`, `trackable`, `isbot`, `exclude`, `ATK`, `Accuracy`, `Avoidance`, `slow_mitigation`, `version`, `maxlevel`, `scalerate`, `private_corpse`, `unique_spawn_by_name`, `underwater`, `isquest`, `emoteid`, `spellscale`, `healscale`, `no_target_hotkey`, `raid_target`, `armtexture`, `bracertexture`, `handtexture`, `legtexture`, `feettexture`, `light`, `walkspeed`, `peqid`, `unique_`, `fixed`, `ignore_despawn`, `show_name`, `untargetable`, `charm_ac`, `charm_min_dmg`, `charm_max_dmg`, `charm_attack_delay`, `charm_accuracy_rating`, `charm_avoidance_rating`, `charm_atk`, `skip_global_loot`, `rare_spawn`, `stuck_behavior`, `model`, `flymode`, `always_aggro`, `exp_mod`, `heroic_strikethrough`, `faction_amount`, `keeps_sold_items`) VALUES (119186, 'Agent_of_Change (Skyshrine)', '', 50, 85, 1, 1, 9999999, 1, 2, 0, 0, 0, 8, 0, 0, 0, 0, 0, 0, 0, 0, 0, 0, 0, 60, 174, -1, '', '24,1^25,1^35,1', 70, 0, 0, 0, 0, 0, 0, 0, 0, 0, 0, 0, 0, 0, 0, 0, 0, 0, 'IT10', 28, 28, 7, 1.25, 999, 20, 20, 20, 20, 20, 32, 0, 0, 1, 9999, 0, 0, 0, 30, 1, 161, 161, 161, 161, 161, 161, 161, 0, 0, 1, 0, 1, 0, 0, 0, 99, 0, 0, 100, 0, 0, 0, 1, 0, 100, 100, 0, 0, 0, 0, 0, 0, 0, 0, 0, 0, 0, 0, 0, 1, 0, 0, 0, 0, 0, 0, 0, 0, 0, 0, 0, 0, -1, 0, 100, 0, 0, 1);
INSERT INTO `npc_types` (`id`, `name`, `lastname`, `level`, `race`, `class`, `bodytype`, `hp`, `mana`, `gender`, `texture`, `helmtexture`, `herosforgemodel`, `size`, `hp_regen_rate`, `hp_regen_per_second`, `mana_regen_rate`, `loottable_id`, `merchant_id`, `alt_currency_id`, `npc_spells_id`, `npc_spells_effects_id`, `npc_faction_id`, `adventure_template_id`, `trap_template`, `mindmg`, `maxdmg`, `attack_count`, `npcspecialattks`, `special_abilities`, `aggroradius`, `assistradius`, `face`, `luclin_hairstyle`, `luclin_haircolor`, `luclin_eyecolor`, `luclin_eyecolor2`, `luclin_beardcolor`, `luclin_beard`, `drakkin_heritage`, `drakkin_tattoo`, `drakkin_details`, `armortint_id`, `armortint_red`, `armortint_green`, `armortint_blue`, `d_melee_texture1`, `d_melee_texture2`, `ammo_idfile`, `prim_melee_type`, `sec_melee_type`, `ranged_type`, `runspeed`, `MR`, `CR`, `DR`, `FR`, `PR`, `Corrup`, `PhR`, `see_invis`, `see_invis_undead`, `qglobal`, `AC`, `npc_aggro`, `spawn_limit`, `attack_speed`, `attack_delay`, `findable`, `STR`, `STA`, `DEX`, `AGI`, `_INT`, `WIS`, `CHA`, `see_hide`, `see_improved_hide`, `trackable`, `isbot`, `exclude`, `ATK`, `Accuracy`, `Avoidance`, `slow_mitigation`, `version`, `maxlevel`, `scalerate`, `private_corpse`, `unique_spawn_by_name`, `underwater`, `isquest`, `emoteid`, `spellscale`, `healscale`, `no_target_hotkey`, `raid_target`, `armtexture`, `bracertexture`, `handtexture`, `legtexture`, `feettexture`, `light`, `walkspeed`, `peqid`, `unique_`, `fixed`, `ignore_despawn`, `show_name`, `untargetable`, `charm_ac`, `charm_min_dmg`, `charm_max_dmg`, `charm_attack_delay`, `charm_accuracy_rating`, `charm_avoidance_rating`, `charm_atk`, `skip_global_loot`, `rare_spawn`, `stuck_behavior`, `model`, `flymode`, `always_aggro`, `exp_mod`, `heroic_strikethrough`, `faction_amount`, `keeps_sold_items`) VALUES (120001, 'Agent_of_Change (Veeshan)', '', 50, 85, 1, 1, 9999999, 1, 2, 0, 0, 0, 8, 0, 0, 0, 0, 0, 0, 0, 0, 0, 0, 0, 60, 174, -1, '', '24,1^25,1^35,1', 70, 0, 0, 0, 0, 0, 0, 0, 0, 0, 0, 0, 0, 0, 0, 0, 0, 0, 'IT10', 28, 28, 7, 1.25, 999, 20, 20, 20, 20, 20, 32, 0, 0, 1, 9999, 0, 0, 0, 30, 1, 161, 161, 161, 161, 161, 161, 161, 0, 0, 1, 0, 1, 0, 0, 0, 99, 0, 0, 100, 0, 0, 0, 1, 0, 100, 100, 0, 0, 0, 0, 0, 0, 0, 0, 0, 0, 0, 0, 0, 1, 0, 0, 0, 0, 0, 0, 0, 0, 0, 0, 0, 0, -1, 0, 100, 0, 0, 1);
INSERT INTO `npc_types` (`id`, `name`, `lastname`, `level`, `race`, `class`, `bodytype`, `hp`, `mana`, `gender`, `texture`, `helmtexture`, `herosforgemodel`, `size`, `hp_regen_rate`, `hp_regen_per_second`, `mana_regen_rate`, `loottable_id`, `merchant_id`, `alt_currency_id`, `npc_spells_id`, `npc_spells_effects_id`, `npc_faction_id`, `adventure_template_id`, `trap_template`, `mindmg`, `maxdmg`, `attack_count`, `npcspecialattks`, `special_abilities`, `aggroradius`, `assistradius`, `face`, `luclin_hairstyle`, `luclin_haircolor`, `luclin_eyecolor`, `luclin_eyecolor2`, `luclin_beardcolor`, `luclin_beard`, `drakkin_heritage`, `drakkin_tattoo`, `drakkin_details`, `armortint_id`, `armortint_red`, `armortint_green`, `armortint_blue`, `d_melee_texture1`, `d_melee_texture2`, `ammo_idfile`, `prim_melee_type`, `sec_melee_type`, `ranged_type`, `runspeed`, `MR`, `CR`, `DR`, `FR`, `PR`, `Corrup`, `PhR`, `see_invis`, `see_invis_undead`, `qglobal`, `AC`, `npc_aggro`, `spawn_limit`, `attack_speed`, `attack_delay`, `findable`, `STR`, `STA`, `DEX`, `AGI`, `_INT`, `WIS`, `CHA`, `see_hide`, `see_improved_hide`, `trackable`, `isbot`, `exclude`, `ATK`, `Accuracy`, `Avoidance`, `slow_mitigation`, `version`, `maxlevel`, `scalerate`, `private_corpse`, `unique_spawn_by_name`, `underwater`, `isquest`, `emoteid`, `spellscale`, `healscale`, `no_target_hotkey`, `raid_target`, `armtexture`, `bracertexture`, `handtexture`, `legtexture`, `feettexture`, `light`, `walkspeed`, `peqid`, `unique_`, `fixed`, `ignore_despawn`, `show_name`, `untargetable`, `charm_ac`, `charm_min_dmg`, `charm_max_dmg`, `charm_attack_delay`, `charm_accuracy_rating`, `charm_avoidance_rating`, `charm_atk`, `skip_global_loot`, `rare_spawn`, `stuck_behavior`, `model`, `flymode`, `always_aggro`, `exp_mod`, `heroic_strikethrough`, `faction_amount`, `keeps_sold_items`) VALUES (120003, 'Agent_of_Change (Necropolis)', '', 50, 85, 1, 1, 9999999, 1, 2, 0, 0, 0, 8, 0, 0, 0, 0, 0, 0, 0, 0, 0, 0, 0, 60, 174, -1, '', '24,1^25,1^35,1', 70, 0, 0, 0, 0, 0, 0, 0, 0, 0, 0, 0, 0, 0, 0, 0, 0, 0, 'IT10', 28, 28, 7, 1.25, 999, 20, 20, 20, 20, 20, 32, 0, 0, 1, 9999, 0, 0, 0, 30, 1, 161, 161, 161, 161, 161, 161, 161, 0, 0, 1, 0, 1, 0, 0, 0, 99, 0, 0, 100, 0, 0, 0, 1, 0, 100, 100, 0, 0, 0, 0, 0, 0, 0, 0, 0, 0, 0, 0, 0, 1, 0, 0, 0, 0, 0, 0, 0, 0, 0, 0, 0, 0, -1, 0, 100, 0, 0, 1);

INSERT INTO `spawngroup` (`id`, `name`, `spawn_limit`, `dist`, `max_x`, `min_x`, `max_y`, `min_y`, `delay`, `mindelay`, `despawn`, `despawn_timer`, `wp_spawns`) VALUES (288167, 'trakanonAgent_of_Change00016932399', 0, 0, 0, 0, 0, 0, 45000, 15000, 0, 100, 0);
INSERT INTO `spawngroup` (`id`, `name`, `spawn_limit`, `dist`, `max_x`, `min_x`, `max_y`, `min_y`, `delay`, `mindelay`, `despawn`, `despawn_timer`, `wp_spawns`) VALUES (288168, 'feerrottAgent_of_Change0009893128', 0, 0, 0, 0, 0, 0, 45000, 15000, 0, 100, 0);
INSERT INTO `spawngroup` (`id`, `name`, `spawn_limit`, `dist`, `max_x`, `min_x`, `max_y`, `min_y`, `delay`, `mindelay`, `despawn`, `despawn_timer`, `wp_spawns`) VALUES (288169, 'everfrostAgent_of_Change0007916720', 0, 0, 0, 0, 0, 0, 45000, 15000, 0, 100, 0);
INSERT INTO `spawngroup` (`id`, `name`, `spawn_limit`, `dist`, `max_x`, `min_x`, `max_y`, `min_y`, `delay`, `mindelay`, `despawn`, `despawn_timer`, `wp_spawns`) VALUES (288170, 'lavastormAgent_of_Change0005936840', 0, 0, 0, 0, 0, 0, 45000, 15000, 0, 100, 0);
INSERT INTO `spawngroup` (`id`, `name`, `spawn_limit`, `dist`, `max_x`, `min_x`, `max_y`, `min_y`, `delay`, `mindelay`, `despawn`, `despawn_timer`, `wp_spawns`) VALUES (288177, 'oasis-Agent_of_Change000', 0, 0, 0, 0, 0, 0, 45000, 15000, 0, 100, 0);
INSERT INTO `spawngroup` (`id`, `name`, `spawn_limit`, `dist`, `max_x`, `min_x`, `max_y`, `min_y`, `delay`, `mindelay`, `despawn`, `despawn_timer`, `wp_spawns`) VALUES (288259, 'cshomeAgent_of_Change000111144233', 0, 0, 0, 0, 0, 0, 45000, 15000, 0, 100, 0);
INSERT INTO `spawngroup` (`id`, `name`, `spawn_limit`, `dist`, `max_x`, `min_x`, `max_y`, `min_y`, `delay`, `mindelay`, `despawn`, `despawn_timer`, `wp_spawns`) VALUES (288263, 'cauldronAgent_of_Change0006489902', 0, 0, 0, 0, 0, 0, 45000, 15000, 0, 100, 0);
INSERT INTO `spawngroup` (`id`, `name`, `spawn_limit`, `dist`, `max_x`, `min_x`, `max_y`, `min_y`, `delay`, `mindelay`, `despawn`, `despawn_timer`, `wp_spawns`) VALUES (288264, 'westwastesAgent_of_Change (Veeshan)00017892472', 0, 0, 0, 0, 0, 0, 45000, 15000, 0, 100, 0);
INSERT INTO `spawngroup` (`id`, `name`, `spawn_limit`, `dist`, `max_x`, `min_x`, `max_y`, `min_y`, `delay`, `mindelay`, `despawn`, `despawn_timer`, `wp_spawns`) VALUES (288265, 'westwastesAgent_of_Change (Necropolis)00018056379', 0, 0, 0, 0, 0, 0, 45000, 15000, 0, 100, 0);
INSERT INTO `spawngroup` (`id`, `name`, `spawn_limit`, `dist`, `max_x`, `min_x`, `max_y`, `min_y`, `delay`, `mindelay`, `despawn`, `despawn_timer`, `wp_spawns`) VALUES (288266, 'sirensAgent_of_Change0005538801', 0, 0, 0, 0, 0, 0, 45000, 15000, 0, 100, 0);
INSERT INTO `spawngroup` (`id`, `name`, `spawn_limit`, `dist`, `max_x`, `min_x`, `max_y`, `min_y`, `delay`, `mindelay`, `despawn`, `despawn_timer`, `wp_spawns`) VALUES (288267, 'eastwastesAgent_of_Change (Kael)0005597406', 0, 0, 0, 0, 0, 0, 45000, 15000, 0, 100, 0);
INSERT INTO `spawngroup` (`id`, `name`, `spawn_limit`, `dist`, `max_x`, `min_x`, `max_y`, `min_y`, `delay`, `mindelay`, `despawn`, `despawn_timer`, `wp_spawns`) VALUES (288268, 'eastwastesAgent_of_Change (Sleeper)0005771129', 0, 0, 0, 0, 0, 0, 45000, 15000, 0, 100, 0);
INSERT INTO `spawngroup` (`id`, `name`, `spawn_limit`, `dist`, `max_x`, `min_x`, `max_y`, `min_y`, `delay`, `mindelay`, `despawn`, `despawn_timer`, `wp_spawns`) VALUES (288269, 'wakeningAgent_of_Change (Growth)0005844333', 0, 0, 0, 0, 0, 0, 45000, 15000, 0, 100, 0);
INSERT INTO `spawngroup` (`id`, `name`, `spawn_limit`, `dist`, `max_x`, `min_x`, `max_y`, `min_y`, `delay`, `mindelay`, `despawn`, `despawn_timer`, `wp_spawns`) VALUES (288270, 'wakeningAgent_of_Change (Skyshrine)0005918362', 0, 0, 0, 0, 0, 0, 45000, 15000, 0, 100, 0);
INSERT INTO `spawngroup` (`id`, `name`, `spawn_limit`, `dist`, `max_x`, `min_x`, `max_y`, `min_y`, `delay`, `mindelay`, `despawn`, `despawn_timer`, `wp_spawns`) VALUES (288273, 'kaelAgent_of_Change0006426225', 0, 0, 0, 0, 0, 0, 45000, 15000, 0, 100, 0);
INSERT INTO `spawngroup` (`id`, `name`, `spawn_limit`, `dist`, `max_x`, `min_x`, `max_y`, `min_y`, `delay`, `mindelay`, `despawn`, `despawn_timer`, `wp_spawns`) VALUES (288274, 'firionaAgent_of_Change0002859660', 0, 0, 0, 0, 0, 0, 45000, 15000, 0, 100, 0);
INSERT INTO `spawngroup` (`id`, `name`, `spawn_limit`, `dist`, `max_x`, `min_x`, `max_y`, `min_y`, `delay`, `mindelay`, `despawn`, `despawn_timer`, `wp_spawns`) VALUES (288275, 'fieldofboneAgent_of_Change0002433502', 0, 0, 0, 0, 0, 0, 45000, 15000, 0, 100, 0);
INSERT INTO `spawngroup` (`id`, `name`, `spawn_limit`, `dist`, `max_x`, `min_x`, `max_y`, `min_y`, `delay`, `mindelay`, `despawn`, `despawn_timer`, `wp_spawns`) VALUES (288276, 'dreadlandsAgent_of_Change0002315340', 0, 0, 0, 0, 0, 0, 45000, 15000, 0, 100, 0);
INSERT INTO `spawngroup` (`id`, `name`, `spawn_limit`, `dist`, `max_x`, `min_x`, `max_y`, `min_y`, `delay`, `mindelay`, `despawn`, `despawn_timer`, `wp_spawns`) VALUES (288277, 'overthereAgent_of_Change0001830135', 0, 0, 0, 0, 0, 0, 45000, 15000, 0, 100, 0);
INSERT INTO `spawngroup` (`id`, `name`, `spawn_limit`, `dist`, `max_x`, `min_x`, `max_y`, `min_y`, `delay`, `mindelay`, `despawn`, `despawn_timer`, `wp_spawns`) VALUES (288278, 'butcherAgent_of_Change0008602746', 0, 0, 0, 0, 0, 0, 45000, 15000, 0, 100, 0);
INSERT INTO `spawngroup` (`id`, `name`, `spawn_limit`, `dist`, `max_x`, `min_x`, `max_y`, `min_y`, `delay`, `mindelay`, `despawn`, `despawn_timer`, `wp_spawns`) VALUES (288279, 'skyfireAgent_of_Change0001567184', 0, 0, 0, 0, 0, 0, 45000, 15000, 0, 100, 0);
INSERT INTO `spawngroup` (`id`, `name`, `spawn_limit`, `dist`, `max_x`, `min_x`, `max_y`, `min_y`, `delay`, `mindelay`, `despawn`, `despawn_timer`, `wp_spawns`) VALUES (288280, 'paineelAgent_of_Change000831753', 0, 0, 0, 0, 0, 0, 45000, 15000, 0, 100, 0);
INSERT INTO `spawngroup` (`id`, `name`, `spawn_limit`, `dist`, `max_x`, `min_x`, `max_y`, `min_y`, `delay`, `mindelay`, `despawn`, `despawn_timer`, `wp_spawns`) VALUES (288281, 'freporteAgent_of_Change000788681', 0, 0, 0, 0, 0, 0, 45000, 15000, 0, 100, 0);

INSERT INTO `spawn2` (`id`, `spawngroupID`, `zone`, `version`, `x`, `y`, `z`, `heading`, `respawntime`, `variance`, `pathgrid`, `path_when_zone_idle`, `_condition`, `cond_value`, `animation`, `min_expansion`, `max_expansion`, `content_flags`, `content_flags_disabled`) VALUES (264795, 288167, 'trakanon', 0, -4674.828125, -1611.722778, -473.304047, 437.500000, 1200, 0, 0, 0, 0, 1, 0, -1, -1, NULL, NULL);
INSERT INTO `spawn2` (`id`, `spawngroupID`, `zone`, `version`, `x`, `y`, `z`, `heading`, `respawntime`, `variance`, `pathgrid`, `path_when_zone_idle`, `_condition`, `cond_value`, `animation`, `min_expansion`, `max_expansion`, `content_flags`, `content_flags_disabled`) VALUES (264796, 288168, 'feerrott', 0, 2556.725586, -2327.279297, 3.226998, 54.500000, 1200, 0, 0, 0, 0, 1, 0, -1, -1, NULL, NULL);
INSERT INTO `spawn2` (`id`, `spawngroupID`, `zone`, `version`, `x`, `y`, `z`, `heading`, `respawntime`, `variance`, `pathgrid`, `path_when_zone_idle`, `_condition`, `cond_value`, `animation`, `min_expansion`, `max_expansion`, `content_flags`, `content_flags_disabled`) VALUES (264797, 288169, 'everfrost', 0, -6892.105957, 1941.305908, -60.616722, 201.250000, 1200, 0, 0, 0, 0, 1, 0, -1, -1, NULL, NULL);
INSERT INTO `spawn2` (`id`, `spawngroupID`, `zone`, `version`, `x`, `y`, `z`, `heading`, `respawntime`, `variance`, `pathgrid`, `path_when_zone_idle`, `_condition`, `cond_value`, `animation`, `min_expansion`, `max_expansion`, `content_flags`, `content_flags_disabled`) VALUES (264798, 288170, 'lavastorm', 0, 552.071777, 416.010376, -50.872448, 472.500000, 1200, 0, 0, 0, 0, 1, 0, -1, -1, NULL, NULL);
INSERT INTO `spawn2` (`id`, `spawngroupID`, `zone`, `version`, `x`, `y`, `z`, `heading`, `respawntime`, `variance`, `pathgrid`, `path_when_zone_idle`, `_condition`, `cond_value`, `animation`, `min_expansion`, `max_expansion`, `content_flags`, `content_flags_disabled`) VALUES (264805, 288177, 'oasis', 0, 906.337402, 309.168365, -10.940162, 302.250000, 1200, 0, 0, 0, 0, 1, 0, -1, -1, NULL, NULL);
INSERT INTO `spawn2` (`id`, `spawngroupID`, `zone`, `version`, `x`, `y`, `z`, `heading`, `respawntime`, `variance`, `pathgrid`, `path_when_zone_idle`, `_condition`, `cond_value`, `animation`, `min_expansion`, `max_expansion`, `content_flags`, `content_flags_disabled`) VALUES (264888, 288259, 'cshome', 0, -17.069416, 76.361420, -5.195561, 61.500000, 1200, 0, 0, 0, 0, 1, 0, -1, -1, NULL, NULL);
INSERT INTO `spawn2` (`id`, `spawngroupID`, `zone`, `version`, `x`, `y`, `z`, `heading`, `respawntime`, `variance`, `pathgrid`, `path_when_zone_idle`, `_condition`, `cond_value`, `animation`, `min_expansion`, `max_expansion`, `content_flags`, `content_flags_disabled`) VALUES (264892, 288263, 'cauldron', 0, -894.562500, -207.401855, 236.707733, 151.000000, 1200, 0, 0, 0, 0, 1, 0, -1, -1, NULL, NULL);
INSERT INTO `spawn2` (`id`, `spawngroupID`, `zone`, `version`, `x`, `y`, `z`, `heading`, `respawntime`, `variance`, `pathgrid`, `path_when_zone_idle`, `_condition`, `cond_value`, `animation`, `min_expansion`, `max_expansion`, `content_flags`, `content_flags_disabled`) VALUES (264893, 288264, 'westwastes', 0, 250.821518, -183.443863, -192.397842, 12.397156, 1200, 0, 0, 0, 0, 1, 0, -1, -1, NULL, NULL);
INSERT INTO `spawn2` (`id`, `spawngroupID`, `zone`, `version`, `x`, `y`, `z`, `heading`, `respawntime`, `variance`, `pathgrid`, `path_when_zone_idle`, `_condition`, `cond_value`, `animation`, `min_expansion`, `max_expansion`, `content_flags`, `content_flags_disabled`) VALUES (264894, 288265, 'westwastes', 0, 222.531067, -2520.226318, -196.233337, 292.734039, 1200, 0, 0, 0, 0, 1, 0, -1, -1, NULL, NULL);
INSERT INTO `spawn2` (`id`, `spawngroupID`, `zone`, `version`, `x`, `y`, `z`, `heading`, `respawntime`, `variance`, `pathgrid`, `path_when_zone_idle`, `_condition`, `cond_value`, `animation`, `min_expansion`, `max_expansion`, `content_flags`, `content_flags_disabled`) VALUES (264895, 288266, 'sirens', 0, -90.184669, 195.934036, 5.727000, 125.000000, 1200, 0, 0, 0, 0, 1, 0, -1, -1, NULL, NULL);
INSERT INTO `spawn2` (`id`, `spawngroupID`, `zone`, `version`, `x`, `y`, `z`, `heading`, `respawntime`, `variance`, `pathgrid`, `path_when_zone_idle`, `_condition`, `cond_value`, `animation`, `min_expansion`, `max_expansion`, `content_flags`, `content_flags_disabled`) VALUES (264896, 288267, 'eastwastes', 0, 3500.978760, -6348.790039, 148.770584, 132.308136, 1200, 0, 0, 0, 0, 1, 0, -1, -1, NULL, NULL);
INSERT INTO `spawn2` (`id`, `spawngroupID`, `zone`, `version`, `x`, `y`, `z`, `heading`, `respawntime`, `variance`, `pathgrid`, `path_when_zone_idle`, `_condition`, `cond_value`, `animation`, `min_expansion`, `max_expansion`, `content_flags`, `content_flags_disabled`) VALUES (264897, 288268, 'eastwastes', 0, 107.221542, -7425.713867, 163.383224, 217.246750, 1200, 0, 0, 0, 0, 1, 0, -1, -1, NULL, NULL);
INSERT INTO `spawn2` (`id`, `spawngroupID`, `zone`, `version`, `x`, `y`, `z`, `heading`, `respawntime`, `variance`, `pathgrid`, `path_when_zone_idle`, `_condition`, `cond_value`, `animation`, `min_expansion`, `max_expansion`, `content_flags`, `content_flags_disabled`) VALUES (264898, 288269, 'wakening', 0, -1060.783691, 525.774109, -164.585480, 204.778915, 1200, 0, 0, 0, 0, 1, 0, -1, -1, NULL, NULL);
INSERT INTO `spawn2` (`id`, `spawngroupID`, `zone`, `version`, `x`, `y`, `z`, `heading`, `respawntime`, `variance`, `pathgrid`, `path_when_zone_idle`, `_condition`, `cond_value`, `animation`, `min_expansion`, `max_expansion`, `content_flags`, `content_flags_disabled`) VALUES (264899, 288270, 'wakening', 0, 4511.687500, 1483.730835, -57.766384, 283.399139, 1200, 0, 0, 0, 0, 1, 0, -1, -1, NULL, NULL);
INSERT INTO `spawn2` (`id`, `spawngroupID`, `zone`, `version`, `x`, `y`, `z`, `heading`, `respawntime`, `variance`, `pathgrid`, `path_when_zone_idle`, `_condition`, `cond_value`, `animation`, `min_expansion`, `max_expansion`, `content_flags`, `content_flags_disabled`) VALUES (264902, 288273, 'kael', 0, 3178.794189, -241.939682, -394.116730, 436.151917, 1200, 0, 0, 0, 0, 1, 0, -1, -1, NULL, NULL);
INSERT INTO `spawn2` (`id`, `spawngroupID`, `zone`, `version`, `x`, `y`, `z`, `heading`, `respawntime`, `variance`, `pathgrid`, `path_when_zone_idle`, `_condition`, `cond_value`, `animation`, `min_expansion`, `max_expansion`, `content_flags`, `content_flags_disabled`) VALUES (264903, 288274, 'firiona', 0, 5753.365234, 265.308380, -57.288967, 275.717743, 1200, 0, 0, 0, 0, 1, 0, -1, -1, NULL, NULL);
INSERT INTO `spawn2` (`id`, `spawngroupID`, `zone`, `version`, `x`, `y`, `z`, `heading`, `respawntime`, `variance`, `pathgrid`, `path_when_zone_idle`, `_condition`, `cond_value`, `animation`, `min_expansion`, `max_expansion`, `content_flags`, `content_flags_disabled`) VALUES (264904, 288275, 'fieldofbone', 0, -1184.539185, -1602.688965, 24.547110, 115.234314, 1200, 0, 0, 0, 0, 1, 0, -1, -1, NULL, NULL);
INSERT INTO `spawn2` (`id`, `spawngroupID`, `zone`, `version`, `x`, `y`, `z`, `heading`, `respawntime`, `variance`, `pathgrid`, `path_when_zone_idle`, `_condition`, `cond_value`, `animation`, `min_expansion`, `max_expansion`, `content_flags`, `content_flags_disabled`) VALUES (264905, 288276, 'dreadlands', 0, -1856.403809, 485.187408, 28.789497, 456.702820, 1200, 0, 0, 0, 0, 1, 0, -1, -1, NULL, NULL);
INSERT INTO `spawn2` (`id`, `spawngroupID`, `zone`, `version`, `x`, `y`, `z`, `heading`, `respawntime`, `variance`, `pathgrid`, `path_when_zone_idle`, `_condition`, `cond_value`, `animation`, `min_expansion`, `max_expansion`, `content_flags`, `content_flags_disabled`) VALUES (264906, 288277, 'overthere', 0, 3720.877930, -1103.203857, 64.296608, 448.535858, 1200, 0, 0, 0, 0, 1, 0, -1, -1, NULL, NULL);
INSERT INTO `spawn2` (`id`, `spawngroupID`, `zone`, `version`, `x`, `y`, `z`, `heading`, `respawntime`, `variance`, `pathgrid`, `path_when_zone_idle`, `_condition`, `cond_value`, `animation`, `min_expansion`, `max_expansion`, `content_flags`, `content_flags_disabled`) VALUES (264907, 288278, 'butcher', 0, 2977.353271, 1257.182983, -0.188543, 255.750000, 1200, 0, 0, 0, 0, 1, 0, -1, -1, NULL, NULL);
INSERT INTO `spawn2` (`id`, `spawngroupID`, `zone`, `version`, `x`, `y`, `z`, `heading`, `respawntime`, `variance`, `pathgrid`, `path_when_zone_idle`, `_condition`, `cond_value`, `animation`, `min_expansion`, `max_expansion`, `content_flags`, `content_flags_disabled`) VALUES (264908, 288279, 'skyfire', 0, 2874.830078, 2678.898682, -75.358681, 121.175652, 1200, 0, 0, 0, 0, 1, 0, -1, -1, NULL, NULL);
INSERT INTO `spawn2` (`id`, `spawngroupID`, `zone`, `version`, `x`, `y`, `z`, `heading`, `respawntime`, `variance`, `pathgrid`, `path_when_zone_idle`, `_condition`, `cond_value`, `animation`, `min_expansion`, `max_expansion`, `content_flags`, `content_flags_disabled`) VALUES (264909, 288280, 'paineel', 0, 253.353653, 797.357727, 4.279558, 299.791290, 1200, 0, 0, 0, 0, 1, 0, -1, -1, NULL, NULL);
INSERT INTO `spawn2` (`id`, `spawngroupID`, `zone`, `version`, `x`, `y`, `z`, `heading`, `respawntime`, `variance`, `pathgrid`, `path_when_zone_idle`, `_condition`, `cond_value`, `animation`, `min_expansion`, `max_expansion`, `content_flags`, `content_flags_disabled`) VALUES (264910, 288281, 'freporte', 0, -846.843140, 36.107697, -50.241745, 257.622803, 1200, 0, 0, 0, 0, 1, 0, -1, -1, NULL, NULL);

INSERT INTO `spawnentry` (`spawngroupID`, `npcID`, `chance`, `condition_value_filter`, `min_time`, `max_time`, `min_expansion`, `max_expansion`, `content_flags`, `content_flags_disabled`) VALUES (288167, 95108, 100, 1, 0, 0, -1, -1, NULL, NULL);
INSERT INTO `spawnentry` (`spawngroupID`, `npcID`, `chance`, `condition_value_filter`, `min_time`, `max_time`, `min_expansion`, `max_expansion`, `content_flags`, `content_flags_disabled`) VALUES (288168, 95108, 100, 1, 0, 0, -1, -1, NULL, NULL);
INSERT INTO `spawnentry` (`spawngroupID`, `npcID`, `chance`, `condition_value_filter`, `min_time`, `max_time`, `min_expansion`, `max_expansion`, `content_flags`, `content_flags_disabled`) VALUES (288169, 95108, 100, 1, 0, 0, -1, -1, NULL, NULL);
INSERT INTO `spawnentry` (`spawngroupID`, `npcID`, `chance`, `condition_value_filter`, `min_time`, `max_time`, `min_expansion`, `max_expansion`, `content_flags`, `content_flags_disabled`) VALUES (288170, 95108, 100, 1, 0, 0, -1, -1, NULL, NULL);
INSERT INTO `spawnentry` (`spawngroupID`, `npcID`, `chance`, `condition_value_filter`, `min_time`, `max_time`, `min_expansion`, `max_expansion`, `content_flags`, `content_flags_disabled`) VALUES (288177, 2000043, 100, 1, 0, 0, -1, -1, NULL, NULL);
INSERT INTO `spawnentry` (`spawngroupID`, `npcID`, `chance`, `condition_value_filter`, `min_time`, `max_time`, `min_expansion`, `max_expansion`, `content_flags`, `content_flags_disabled`) VALUES (288259, 95108, 100, 1, 0, 0, -1, -1, NULL, NULL);
INSERT INTO `spawnentry` (`spawngroupID`, `npcID`, `chance`, `condition_value_filter`, `min_time`, `max_time`, `min_expansion`, `max_expansion`, `content_flags`, `content_flags_disabled`) VALUES (288263, 95108, 100, 1, 0, 0, -1, -1, NULL, NULL);
INSERT INTO `spawnentry` (`spawngroupID`, `npcID`, `chance`, `condition_value_filter`, `min_time`, `max_time`, `min_expansion`, `max_expansion`, `content_flags`, `content_flags_disabled`) VALUES (288264, 120001, 100, 1, 0, 0, -1, -1, NULL, NULL);
INSERT INTO `spawnentry` (`spawngroupID`, `npcID`, `chance`, `condition_value_filter`, `min_time`, `max_time`, `min_expansion`, `max_expansion`, `content_flags`, `content_flags_disabled`) VALUES (288265, 120003, 100, 1, 0, 0, -1, -1, NULL, NULL);
INSERT INTO `spawnentry` (`spawngroupID`, `npcID`, `chance`, `condition_value_filter`, `min_time`, `max_time`, `min_expansion`, `max_expansion`, `content_flags`, `content_flags_disabled`) VALUES (288266, 95108, 100, 1, 0, 0, -1, -1, NULL, NULL);
INSERT INTO `spawnentry` (`spawngroupID`, `npcID`, `chance`, `condition_value_filter`, `min_time`, `max_time`, `min_expansion`, `max_expansion`, `content_flags`, `content_flags_disabled`) VALUES (288267, 116009, 100, 1, 0, 0, -1, -1, NULL, NULL);
INSERT INTO `spawnentry` (`spawngroupID`, `npcID`, `chance`, `condition_value_filter`, `min_time`, `max_time`, `min_expansion`, `max_expansion`, `content_flags`, `content_flags_disabled`) VALUES (288268, 116213, 100, 1, 0, 0, -1, -1, NULL, NULL);
INSERT INTO `spawnentry` (`spawngroupID`, `npcID`, `chance`, `condition_value_filter`, `min_time`, `max_time`, `min_expansion`, `max_expansion`, `content_flags`, `content_flags_disabled`) VALUES (288269, 119185, 100, 1, 0, 0, -1, -1, NULL, NULL);
INSERT INTO `spawnentry` (`spawngroupID`, `npcID`, `chance`, `condition_value_filter`, `min_time`, `max_time`, `min_expansion`, `max_expansion`, `content_flags`, `content_flags_disabled`) VALUES (288270, 119186, 100, 1, 0, 0, -1, -1, NULL, NULL);
INSERT INTO `spawnentry` (`spawngroupID`, `npcID`, `chance`, `condition_value_filter`, `min_time`, `max_time`, `min_expansion`, `max_expansion`, `content_flags`, `content_flags_disabled`) VALUES (288273, 95108, 100, 1, 0, 0, -1, -1, NULL, NULL);
INSERT INTO `spawnentry` (`spawngroupID`, `npcID`, `chance`, `condition_value_filter`, `min_time`, `max_time`, `min_expansion`, `max_expansion`, `content_flags`, `content_flags_disabled`) VALUES (288274, 95108, 100, 1, 0, 0, -1, -1, NULL, NULL);
INSERT INTO `spawnentry` (`spawngroupID`, `npcID`, `chance`, `condition_value_filter`, `min_time`, `max_time`, `min_expansion`, `max_expansion`, `content_flags`, `content_flags_disabled`) VALUES (288275, 95108, 100, 1, 0, 0, -1, -1, NULL, NULL);
INSERT INTO `spawnentry` (`spawngroupID`, `npcID`, `chance`, `condition_value_filter`, `min_time`, `max_time`, `min_expansion`, `max_expansion`, `content_flags`, `content_flags_disabled`) VALUES (288276, 95108, 100, 1, 0, 0, -1, -1, NULL, NULL);
INSERT INTO `spawnentry` (`spawngroupID`, `npcID`, `chance`, `condition_value_filter`, `min_time`, `max_time`, `min_expansion`, `max_expansion`, `content_flags`, `content_flags_disabled`) VALUES (288277, 95108, 100, 1, 0, 0, -1, -1, NULL, NULL);
INSERT INTO `spawnentry` (`spawngroupID`, `npcID`, `chance`, `condition_value_filter`, `min_time`, `max_time`, `min_expansion`, `max_expansion`, `content_flags`, `content_flags_disabled`) VALUES (288278, 95108, 100, 1, 0, 0, -1, -1, NULL, NULL);
INSERT INTO `spawnentry` (`spawngroupID`, `npcID`, `chance`, `condition_value_filter`, `min_time`, `max_time`, `min_expansion`, `max_expansion`, `content_flags`, `content_flags_disabled`) VALUES (288279, 95108, 100, 1, 0, 0, -1, -1, NULL, NULL);
INSERT INTO `spawnentry` (`spawngroupID`, `npcID`, `chance`, `condition_value_filter`, `min_time`, `max_time`, `min_expansion`, `max_expansion`, `content_flags`, `content_flags_disabled`) VALUES (288280, 95108, 100, 1, 0, 0, -1, -1, NULL, NULL);
INSERT INTO `spawnentry` (`spawngroupID`, `npcID`, `chance`, `condition_value_filter`, `min_time`, `max_time`, `min_expansion`, `max_expansion`, `content_flags`, `content_flags_disabled`) VALUES (288281, 95108, 100, 1, 0, 0, -1, -1, NULL, NULL);

/*Translocator Jeeves*/
INSERT INTO `npc_types` (`id`, `name`, `lastname`, `level`, `race`, `class`, `bodytype`, `hp`, `mana`, `gender`, `texture`, `helmtexture`, `herosforgemodel`, `size`, `hp_regen_rate`, `hp_regen_per_second`, `mana_regen_rate`, `loottable_id`, `merchant_id`, `alt_currency_id`, `npc_spells_id`, `npc_spells_effects_id`, `npc_faction_id`, `adventure_template_id`, `trap_template`, `mindmg`, `maxdmg`, `attack_count`, `npcspecialattks`, `special_abilities`, `aggroradius`, `assistradius`, `face`, `luclin_hairstyle`, `luclin_haircolor`, `luclin_eyecolor`, `luclin_eyecolor2`, `luclin_beardcolor`, `luclin_beard`, `drakkin_heritage`, `drakkin_tattoo`, `drakkin_details`, `armortint_id`, `armortint_red`, `armortint_green`, `armortint_blue`, `d_melee_texture1`, `d_melee_texture2`, `ammo_idfile`, `prim_melee_type`, `sec_melee_type`, `ranged_type`, `runspeed`, `MR`, `CR`, `DR`, `FR`, `PR`, `Corrup`, `PhR`, `see_invis`, `see_invis_undead`, `qglobal`, `AC`, `npc_aggro`, `spawn_limit`, `attack_speed`, `attack_delay`, `findable`, `STR`, `STA`, `DEX`, `AGI`, `_INT`, `WIS`, `CHA`, `see_hide`, `see_improved_hide`, `trackable`, `isbot`, `exclude`, `ATK`, `Accuracy`, `Avoidance`, `slow_mitigation`, `version`, `maxlevel`, `scalerate`, `private_corpse`, `unique_spawn_by_name`, `underwater`, `isquest`, `emoteid`, `spellscale`, `healscale`, `no_target_hotkey`, `raid_target`, `armtexture`, `bracertexture`, `handtexture`, `legtexture`, `feettexture`, `light`, `walkspeed`, `peqid`, `unique_`, `fixed`, `ignore_despawn`, `show_name`, `untargetable`, `charm_ac`, `charm_min_dmg`, `charm_max_dmg`, `charm_attack_delay`, `charm_accuracy_rating`, `charm_avoidance_rating`, `charm_atk`, `skip_global_loot`, `rare_spawn`, `stuck_behavior`, `model`, `flymode`, `always_aggro`, `exp_mod`, `heroic_strikethrough`, `faction_amount`, `keeps_sold_items`) VALUES (2135, '#Translocator_Jeeves', '', 50, 12, 1, 1, 3441, 1, 0, 27, 0, 0, 5, 0, 0, 0, 0, 0, 0, 0, 0, 0, 0, 0, 60, 174, -1, '', '19,1^22,1^23,1^24,1^35,1', 70, 0, 0, 0, 0, 0, 0, 0, 0, 0, 0, 0, 0, 0, 0, 0, 0, 0, 'IT10', 28, 28, 7, 1.25, 20, 20, 20, 20, 20, 20, 32, 0, 0, 0, 233, 0, 0, 0, 30, 1, 161, 161, 161, 161, 161, 161, 161, 0, 0, 1, 0, 1, 0, 0, 0, 0, 0, 0, 100, 0, 0, 0, 0, 0, 100, 100, 0, 0, 0, 0, 0, 0, 0, 0, 0, 0, 0, 0, 0, 1, 0, 0, 0, 0, 0, 0, 0, 0, 0, 0, 0, 0, -1, 0, 100, 0, 0, 1);
INSERT INTO `npc_types` (`id`, `name`, `lastname`, `level`, `race`, `class`, `bodytype`, `hp`, `mana`, `gender`, `texture`, `helmtexture`, `herosforgemodel`, `size`, `hp_regen_rate`, `hp_regen_per_second`, `mana_regen_rate`, `loottable_id`, `merchant_id`, `alt_currency_id`, `npc_spells_id`, `npc_spells_effects_id`, `npc_faction_id`, `adventure_template_id`, `trap_template`, `mindmg`, `maxdmg`, `attack_count`, `npcspecialattks`, `special_abilities`, `aggroradius`, `assistradius`, `face`, `luclin_hairstyle`, `luclin_haircolor`, `luclin_eyecolor`, `luclin_eyecolor2`, `luclin_beardcolor`, `luclin_beard`, `drakkin_heritage`, `drakkin_tattoo`, `drakkin_details`, `armortint_id`, `armortint_red`, `armortint_green`, `armortint_blue`, `d_melee_texture1`, `d_melee_texture2`, `ammo_idfile`, `prim_melee_type`, `sec_melee_type`, `ranged_type`, `runspeed`, `MR`, `CR`, `DR`, `FR`, `PR`, `Corrup`, `PhR`, `see_invis`, `see_invis_undead`, `qglobal`, `AC`, `npc_aggro`, `spawn_limit`, `attack_speed`, `attack_delay`, `findable`, `STR`, `STA`, `DEX`, `AGI`, `_INT`, `WIS`, `CHA`, `see_hide`, `see_improved_hide`, `trackable`, `isbot`, `exclude`, `ATK`, `Accuracy`, `Avoidance`, `slow_mitigation`, `version`, `maxlevel`, `scalerate`, `private_corpse`, `unique_spawn_by_name`, `underwater`, `isquest`, `emoteid`, `spellscale`, `healscale`, `no_target_hotkey`, `raid_target`, `armtexture`, `bracertexture`, `handtexture`, `legtexture`, `feettexture`, `light`, `walkspeed`, `peqid`, `unique_`, `fixed`, `ignore_despawn`, `show_name`, `untargetable`, `charm_ac`, `charm_min_dmg`, `charm_max_dmg`, `charm_attack_delay`, `charm_accuracy_rating`, `charm_avoidance_rating`, `charm_atk`, `skip_global_loot`, `rare_spawn`, `stuck_behavior`, `model`, `flymode`, `always_aggro`, `exp_mod`, `heroic_strikethrough`, `faction_amount`, `keeps_sold_items`) VALUES (9026, '#Translocator_Jeeves', '', 50, 12, 12, 1, 3441, 1, 0, 23, 0, 0, 5, 0, 0, 0, 0, 0, 0, 0, 0, 0, 0, 0, 60, 174, -1, '', '35,1', 70, 0, 0, 0, 0, 0, 0, 0, 0, 0, 0, 0, 0, 0, 0, 0, 0, 0, 'IT10', 28, 28, 7, 1.25, 20, 20, 20, 20, 20, 20, 32, 0, 0, 0, 233, 0, 0, 0, 30, 1, 161, 161, 161, 161, 161, 161, 161, 0, 0, 1, 0, 1, 0, 0, 0, 0, 0, 0, 100, 0, 0, 0, 0, 0, 100, 100, 0, 0, 0, 0, 0, 0, 0, 0, 0, 0, 0, 0, 0, 1, 0, 0, 0, 0, 0, 0, 0, 0, 0, 0, 0, 0, -1, 0, 100, 0, 0, 1);
INSERT INTO `npc_types` (`id`, `name`, `lastname`, `level`, `race`, `class`, `bodytype`, `hp`, `mana`, `gender`, `texture`, `helmtexture`, `herosforgemodel`, `size`, `hp_regen_rate`, `hp_regen_per_second`, `mana_regen_rate`, `loottable_id`, `merchant_id`, `alt_currency_id`, `npc_spells_id`, `npc_spells_effects_id`, `npc_faction_id`, `adventure_template_id`, `trap_template`, `mindmg`, `maxdmg`, `attack_count`, `npcspecialattks`, `special_abilities`, `aggroradius`, `assistradius`, `face`, `luclin_hairstyle`, `luclin_haircolor`, `luclin_eyecolor`, `luclin_eyecolor2`, `luclin_beardcolor`, `luclin_beard`, `drakkin_heritage`, `drakkin_tattoo`, `drakkin_details`, `armortint_id`, `armortint_red`, `armortint_green`, `armortint_blue`, `d_melee_texture1`, `d_melee_texture2`, `ammo_idfile`, `prim_melee_type`, `sec_melee_type`, `ranged_type`, `runspeed`, `MR`, `CR`, `DR`, `FR`, `PR`, `Corrup`, `PhR`, `see_invis`, `see_invis_undead`, `qglobal`, `AC`, `npc_aggro`, `spawn_limit`, `attack_speed`, `attack_delay`, `findable`, `STR`, `STA`, `DEX`, `AGI`, `_INT`, `WIS`, `CHA`, `see_hide`, `see_improved_hide`, `trackable`, `isbot`, `exclude`, `ATK`, `Accuracy`, `Avoidance`, `slow_mitigation`, `version`, `maxlevel`, `scalerate`, `private_corpse`, `unique_spawn_by_name`, `underwater`, `isquest`, `emoteid`, `spellscale`, `healscale`, `no_target_hotkey`, `raid_target`, `armtexture`, `bracertexture`, `handtexture`, `legtexture`, `feettexture`, `light`, `walkspeed`, `peqid`, `unique_`, `fixed`, `ignore_despawn`, `show_name`, `untargetable`, `charm_ac`, `charm_min_dmg`, `charm_max_dmg`, `charm_attack_delay`, `charm_accuracy_rating`, `charm_avoidance_rating`, `charm_atk`, `skip_global_loot`, `rare_spawn`, `stuck_behavior`, `model`, `flymode`, `always_aggro`, `exp_mod`, `heroic_strikethrough`, `faction_amount`, `keeps_sold_items`) VALUES (30106, '#Translocator_Jeeves', '', 50, 2, 12, 1, 3441, 1, 0, 23, 0, 0, 5, 0, 0, 0, 0, 0, 0, 0, 0, 0, 0, 0, 60, 174, -1, '', '35,1', 70, 0, 0, 0, 0, 0, 0, 0, 0, 0, 0, 0, 0, 0, 0, 0, 0, 0, 'IT10', 28, 28, 7, 1.25, 20, 20, 20, 20, 20, 20, 32, 0, 0, 0, 233, 0, 0, 0, 30, 1, 161, 161, 161, 161, 161, 161, 161, 0, 0, 1, 0, 1, 0, 0, 0, 0, 0, 0, 100, 0, 0, 0, 0, 0, 100, 100, 0, 0, 0, 0, 0, 0, 0, 0, 0, 0, 0, 0, 0, 1, 0, 0, 0, 0, 0, 0, 0, 0, 0, 0, 0, 0, -1, 0, 100, 0, 0, 1);
INSERT INTO `npc_types` (`id`, `name`, `lastname`, `level`, `race`, `class`, `bodytype`, `hp`, `mana`, `gender`, `texture`, `helmtexture`, `herosforgemodel`, `size`, `hp_regen_rate`, `hp_regen_per_second`, `mana_regen_rate`, `loottable_id`, `merchant_id`, `alt_currency_id`, `npc_spells_id`, `npc_spells_effects_id`, `npc_faction_id`, `adventure_template_id`, `trap_template`, `mindmg`, `maxdmg`, `attack_count`, `npcspecialattks`, `special_abilities`, `aggroradius`, `assistradius`, `face`, `luclin_hairstyle`, `luclin_haircolor`, `luclin_eyecolor`, `luclin_eyecolor2`, `luclin_beardcolor`, `luclin_beard`, `drakkin_heritage`, `drakkin_tattoo`, `drakkin_details`, `armortint_id`, `armortint_red`, `armortint_green`, `armortint_blue`, `d_melee_texture1`, `d_melee_texture2`, `ammo_idfile`, `prim_melee_type`, `sec_melee_type`, `ranged_type`, `runspeed`, `MR`, `CR`, `DR`, `FR`, `PR`, `Corrup`, `PhR`, `see_invis`, `see_invis_undead`, `qglobal`, `AC`, `npc_aggro`, `spawn_limit`, `attack_speed`, `attack_delay`, `findable`, `STR`, `STA`, `DEX`, `AGI`, `_INT`, `WIS`, `CHA`, `see_hide`, `see_improved_hide`, `trackable`, `isbot`, `exclude`, `ATK`, `Accuracy`, `Avoidance`, `slow_mitigation`, `version`, `maxlevel`, `scalerate`, `private_corpse`, `unique_spawn_by_name`, `underwater`, `isquest`, `emoteid`, `spellscale`, `healscale`, `no_target_hotkey`, `raid_target`, `armtexture`, `bracertexture`, `handtexture`, `legtexture`, `feettexture`, `light`, `walkspeed`, `peqid`, `unique_`, `fixed`, `ignore_despawn`, `show_name`, `untargetable`, `charm_ac`, `charm_min_dmg`, `charm_max_dmg`, `charm_attack_delay`, `charm_accuracy_rating`, `charm_avoidance_rating`, `charm_atk`, `skip_global_loot`, `rare_spawn`, `stuck_behavior`, `model`, `flymode`, `always_aggro`, `exp_mod`, `heroic_strikethrough`, `faction_amount`, `keeps_sold_items`) VALUES (38005, '#Translocator_Jeeves', '', 50, 12, 12, 1, 3441, 1, 0, 0, 0, 0, 8, 0, 0, 0, 0, 0, 0, 0, 0, 0, 0, 0, 60, 174, -1, '', '24,1^35,1', 70, 0, 0, 0, 0, 0, 0, 0, 0, 0, 0, 0, 0, 0, 0, 0, 0, 0, 'IT10', 28, 28, 7, 1.25, 20, 20, 20, 20, 20, 20, 32, 0, 0, 0, 233, 0, 0, 0, 30, 1, 161, 161, 161, 161, 161, 161, 161, 0, 0, 1, 0, 1, 0, 0, 0, 0, 0, 0, 100, 0, 0, 0, 0, 0, 100, 100, 0, 0, 0, 0, 0, 0, 0, 0, 0, 0, 0, 0, 0, 1, 0, 0, 0, 0, 0, 0, 0, 0, 0, 0, 0, 0, -1, 0, 100, 0, 0, 1);
INSERT INTO `npc_types` (`id`, `name`, `lastname`, `level`, `race`, `class`, `bodytype`, `hp`, `mana`, `gender`, `texture`, `helmtexture`, `herosforgemodel`, `size`, `hp_regen_rate`, `hp_regen_per_second`, `mana_regen_rate`, `loottable_id`, `merchant_id`, `alt_currency_id`, `npc_spells_id`, `npc_spells_effects_id`, `npc_faction_id`, `adventure_template_id`, `trap_template`, `mindmg`, `maxdmg`, `attack_count`, `npcspecialattks`, `special_abilities`, `aggroradius`, `assistradius`, `face`, `luclin_hairstyle`, `luclin_haircolor`, `luclin_eyecolor`, `luclin_eyecolor2`, `luclin_beardcolor`, `luclin_beard`, `drakkin_heritage`, `drakkin_tattoo`, `drakkin_details`, `armortint_id`, `armortint_red`, `armortint_green`, `armortint_blue`, `d_melee_texture1`, `d_melee_texture2`, `ammo_idfile`, `prim_melee_type`, `sec_melee_type`, `ranged_type`, `runspeed`, `MR`, `CR`, `DR`, `FR`, `PR`, `Corrup`, `PhR`, `see_invis`, `see_invis_undead`, `qglobal`, `AC`, `npc_aggro`, `spawn_limit`, `attack_speed`, `attack_delay`, `findable`, `STR`, `STA`, `DEX`, `AGI`, `_INT`, `WIS`, `CHA`, `see_hide`, `see_improved_hide`, `trackable`, `isbot`, `exclude`, `ATK`, `Accuracy`, `Avoidance`, `slow_mitigation`, `version`, `maxlevel`, `scalerate`, `private_corpse`, `unique_spawn_by_name`, `underwater`, `isquest`, `emoteid`, `spellscale`, `healscale`, `no_target_hotkey`, `raid_target`, `armtexture`, `bracertexture`, `handtexture`, `legtexture`, `feettexture`, `light`, `walkspeed`, `peqid`, `unique_`, `fixed`, `ignore_despawn`, `show_name`, `untargetable`, `charm_ac`, `charm_min_dmg`, `charm_max_dmg`, `charm_attack_delay`, `charm_accuracy_rating`, `charm_avoidance_rating`, `charm_atk`, `skip_global_loot`, `rare_spawn`, `stuck_behavior`, `model`, `flymode`, `always_aggro`, `exp_mod`, `heroic_strikethrough`, `faction_amount`, `keeps_sold_items`) VALUES (41107, '#Translocator_Jeeves', '', 50, 1, 1, 1, 3441, 1, 0, 23, 0, 0, 5, 0, 0, 0, 0, 0, 0, 0, 0, 0, 0, 0, 60, 174, -1, '', '35,1', 70, 0, 0, 0, 0, 0, 0, 0, 0, 0, 0, 0, 0, 0, 0, 0, 0, 0, 'IT10', 28, 28, 7, 1.25, 20, 20, 20, 20, 20, 20, 32, 0, 0, 0, 233, 0, 0, 0, 30, 1, 161, 161, 161, 161, 161, 161, 161, 0, 0, 1, 0, 1, 0, 0, 0, 0, 0, 0, 100, 0, 0, 0, 0, 0, 100, 100, 0, 0, 0, 0, 0, 0, 0, 0, 0, 0, 0, 0, 0, 1, 0, 0, 0, 0, 0, 0, 0, 0, 0, 0, 0, 0, -1, 0, 100, 0, 0, 1);
INSERT INTO `npc_types` (`id`, `name`, `lastname`, `level`, `race`, `class`, `bodytype`, `hp`, `mana`, `gender`, `texture`, `helmtexture`, `herosforgemodel`, `size`, `hp_regen_rate`, `hp_regen_per_second`, `mana_regen_rate`, `loottable_id`, `merchant_id`, `alt_currency_id`, `npc_spells_id`, `npc_spells_effects_id`, `npc_faction_id`, `adventure_template_id`, `trap_template`, `mindmg`, `maxdmg`, `attack_count`, `npcspecialattks`, `special_abilities`, `aggroradius`, `assistradius`, `face`, `luclin_hairstyle`, `luclin_haircolor`, `luclin_eyecolor`, `luclin_eyecolor2`, `luclin_beardcolor`, `luclin_beard`, `drakkin_heritage`, `drakkin_tattoo`, `drakkin_details`, `armortint_id`, `armortint_red`, `armortint_green`, `armortint_blue`, `d_melee_texture1`, `d_melee_texture2`, `ammo_idfile`, `prim_melee_type`, `sec_melee_type`, `ranged_type`, `runspeed`, `MR`, `CR`, `DR`, `FR`, `PR`, `Corrup`, `PhR`, `see_invis`, `see_invis_undead`, `qglobal`, `AC`, `npc_aggro`, `spawn_limit`, `attack_speed`, `attack_delay`, `findable`, `STR`, `STA`, `DEX`, `AGI`, `_INT`, `WIS`, `CHA`, `see_hide`, `see_improved_hide`, `trackable`, `isbot`, `exclude`, `ATK`, `Accuracy`, `Avoidance`, `slow_mitigation`, `version`, `maxlevel`, `scalerate`, `private_corpse`, `unique_spawn_by_name`, `underwater`, `isquest`, `emoteid`, `spellscale`, `healscale`, `no_target_hotkey`, `raid_target`, `armtexture`, `bracertexture`, `handtexture`, `legtexture`, `feettexture`, `light`, `walkspeed`, `peqid`, `unique_`, `fixed`, `ignore_despawn`, `show_name`, `untargetable`, `charm_ac`, `charm_min_dmg`, `charm_max_dmg`, `charm_attack_delay`, `charm_accuracy_rating`, `charm_avoidance_rating`, `charm_atk`, `skip_global_loot`, `rare_spawn`, `stuck_behavior`, `model`, `flymode`, `always_aggro`, `exp_mod`, `heroic_strikethrough`, `faction_amount`, `keeps_sold_items`) VALUES (46000, '#Translocator_Jeeves', '', 50, 9, 12, 1, 3441, 1, 0, 23, 0, 0, 8, 0, 0, 0, 0, 0, 0, 0, 0, 0, 0, 0, 60, 174, -1, '', '35,1', 70, 0, 0, 0, 0, 0, 0, 0, 0, 0, 0, 0, 0, 0, 0, 0, 0, 0, 'IT10', 28, 28, 7, 1.25, 20, 20, 20, 20, 20, 20, 32, 0, 0, 0, 233, 0, 0, 0, 30, 0, 161, 161, 161, 161, 161, 161, 161, 0, 0, 1, 0, 1, 0, 0, 0, 0, 0, 0, 100, 0, 0, 0, 0, 0, 100, 100, 0, 0, 0, 0, 0, 0, 0, 0, 0, 0, 0, 0, 0, 1, 0, 0, 0, 0, 0, 0, 0, 0, 0, 0, 0, 0, -1, 0, 100, 0, 0, 1);
INSERT INTO `npc_types` (`id`, `name`, `lastname`, `level`, `race`, `class`, `bodytype`, `hp`, `mana`, `gender`, `texture`, `helmtexture`, `herosforgemodel`, `size`, `hp_regen_rate`, `hp_regen_per_second`, `mana_regen_rate`, `loottable_id`, `merchant_id`, `alt_currency_id`, `npc_spells_id`, `npc_spells_effects_id`, `npc_faction_id`, `adventure_template_id`, `trap_template`, `mindmg`, `maxdmg`, `attack_count`, `npcspecialattks`, `special_abilities`, `aggroradius`, `assistradius`, `face`, `luclin_hairstyle`, `luclin_haircolor`, `luclin_eyecolor`, `luclin_eyecolor2`, `luclin_beardcolor`, `luclin_beard`, `drakkin_heritage`, `drakkin_tattoo`, `drakkin_details`, `armortint_id`, `armortint_red`, `armortint_green`, `armortint_blue`, `d_melee_texture1`, `d_melee_texture2`, `ammo_idfile`, `prim_melee_type`, `sec_melee_type`, `ranged_type`, `runspeed`, `MR`, `CR`, `DR`, `FR`, `PR`, `Corrup`, `PhR`, `see_invis`, `see_invis_undead`, `qglobal`, `AC`, `npc_aggro`, `spawn_limit`, `attack_speed`, `attack_delay`, `findable`, `STR`, `STA`, `DEX`, `AGI`, `_INT`, `WIS`, `CHA`, `see_hide`, `see_improved_hide`, `trackable`, `isbot`, `exclude`, `ATK`, `Accuracy`, `Avoidance`, `slow_mitigation`, `version`, `maxlevel`, `scalerate`, `private_corpse`, `unique_spawn_by_name`, `underwater`, `isquest`, `emoteid`, `spellscale`, `healscale`, `no_target_hotkey`, `raid_target`, `armtexture`, `bracertexture`, `handtexture`, `legtexture`, `feettexture`, `light`, `walkspeed`, `peqid`, `unique_`, `fixed`, `ignore_despawn`, `show_name`, `untargetable`, `charm_ac`, `charm_min_dmg`, `charm_max_dmg`, `charm_attack_delay`, `charm_accuracy_rating`, `charm_avoidance_rating`, `charm_atk`, `skip_global_loot`, `rare_spawn`, `stuck_behavior`, `model`, `flymode`, `always_aggro`, `exp_mod`, `heroic_strikethrough`, `faction_amount`, `keeps_sold_items`) VALUES (47038, '#Translocator_Jeeves', '', 50, 10, 12, 1, 3441, 1, 0, 23, 0, 0, 8, 0, 0, 0, 0, 0, 0, 0, 0, 0, 0, 0, 60, 174, -1, '', '35,1', 70, 0, 0, 0, 0, 0, 0, 0, 0, 0, 0, 0, 0, 0, 0, 0, 0, 0, 'IT10', 28, 28, 7, 1.25, 20, 20, 20, 20, 20, 20, 32, 0, 0, 0, 233, 0, 0, 0, 30, 1, 161, 161, 161, 161, 161, 161, 161, 0, 0, 1, 0, 1, 0, 0, 0, 0, 0, 0, 100, 0, 0, 0, 0, 0, 100, 100, 0, 0, 0, 0, 0, 0, 0, 0, 0, 0, 0, 0, 0, 1, 0, 0, 0, 0, 0, 0, 0, 0, 0, 0, 0, 0, -1, 0, 100, 0, 0, 1);
INSERT INTO `npc_types` (`id`, `name`, `lastname`, `level`, `race`, `class`, `bodytype`, `hp`, `mana`, `gender`, `texture`, `helmtexture`, `herosforgemodel`, `size`, `hp_regen_rate`, `hp_regen_per_second`, `mana_regen_rate`, `loottable_id`, `merchant_id`, `alt_currency_id`, `npc_spells_id`, `npc_spells_effects_id`, `npc_faction_id`, `adventure_template_id`, `trap_template`, `mindmg`, `maxdmg`, `attack_count`, `npcspecialattks`, `special_abilities`, `aggroradius`, `assistradius`, `face`, `luclin_hairstyle`, `luclin_haircolor`, `luclin_eyecolor`, `luclin_eyecolor2`, `luclin_beardcolor`, `luclin_beard`, `drakkin_heritage`, `drakkin_tattoo`, `drakkin_details`, `armortint_id`, `armortint_red`, `armortint_green`, `armortint_blue`, `d_melee_texture1`, `d_melee_texture2`, `ammo_idfile`, `prim_melee_type`, `sec_melee_type`, `ranged_type`, `runspeed`, `MR`, `CR`, `DR`, `FR`, `PR`, `Corrup`, `PhR`, `see_invis`, `see_invis_undead`, `qglobal`, `AC`, `npc_aggro`, `spawn_limit`, `attack_speed`, `attack_delay`, `findable`, `STR`, `STA`, `DEX`, `AGI`, `_INT`, `WIS`, `CHA`, `see_hide`, `see_improved_hide`, `trackable`, `isbot`, `exclude`, `ATK`, `Accuracy`, `Avoidance`, `slow_mitigation`, `version`, `maxlevel`, `scalerate`, `private_corpse`, `unique_spawn_by_name`, `underwater`, `isquest`, `emoteid`, `spellscale`, `healscale`, `no_target_hotkey`, `raid_target`, `armtexture`, `bracertexture`, `handtexture`, `legtexture`, `feettexture`, `light`, `walkspeed`, `peqid`, `unique_`, `fixed`, `ignore_despawn`, `show_name`, `untargetable`, `charm_ac`, `charm_min_dmg`, `charm_max_dmg`, `charm_attack_delay`, `charm_accuracy_rating`, `charm_avoidance_rating`, `charm_atk`, `skip_global_loot`, `rare_spawn`, `stuck_behavior`, `model`, `flymode`, `always_aggro`, `exp_mod`, `heroic_strikethrough`, `faction_amount`, `keeps_sold_items`) VALUES (50359, '#Translocator_Jeeves', '', 50, 330, 1, 1, 3441, 1, 0, 0, 0, 0, 7, 0, 0, 0, 0, 0, 0, 0, 0, 0, 0, 0, 60, 174, -1, '', '24,1', 70, 0, 0, 0, 0, 0, 0, 0, 0, 0, 0, 0, 0, 0, 0, 0, 0, 0, 'IT10', 28, 28, 7, 1.25, 20, 20, 20, 20, 20, 20, 32, 0, 0, 0, 233, 0, 0, 0, 30, 1, 161, 161, 161, 161, 161, 161, 161, 0, 0, 1, 0, 1, 0, 0, 0, 0, 0, 0, 100, 0, 0, 0, 1, 0, 100, 100, 0, 0, 0, 0, 0, 0, 0, 0, 0, 0, 0, 0, 0, 1, 0, 0, 0, 0, 0, 0, 0, 0, 0, 0, 0, 0, -1, 0, 100, 0, 0, 1);
INSERT INTO `npc_types` (`id`, `name`, `lastname`, `level`, `race`, `class`, `bodytype`, `hp`, `mana`, `gender`, `texture`, `helmtexture`, `herosforgemodel`, `size`, `hp_regen_rate`, `hp_regen_per_second`, `mana_regen_rate`, `loottable_id`, `merchant_id`, `alt_currency_id`, `npc_spells_id`, `npc_spells_effects_id`, `npc_faction_id`, `adventure_template_id`, `trap_template`, `mindmg`, `maxdmg`, `attack_count`, `npcspecialattks`, `special_abilities`, `aggroradius`, `assistradius`, `face`, `luclin_hairstyle`, `luclin_haircolor`, `luclin_eyecolor`, `luclin_eyecolor2`, `luclin_beardcolor`, `luclin_beard`, `drakkin_heritage`, `drakkin_tattoo`, `drakkin_details`, `armortint_id`, `armortint_red`, `armortint_green`, `armortint_blue`, `d_melee_texture1`, `d_melee_texture2`, `ammo_idfile`, `prim_melee_type`, `sec_melee_type`, `ranged_type`, `runspeed`, `MR`, `CR`, `DR`, `FR`, `PR`, `Corrup`, `PhR`, `see_invis`, `see_invis_undead`, `qglobal`, `AC`, `npc_aggro`, `spawn_limit`, `attack_speed`, `attack_delay`, `findable`, `STR`, `STA`, `DEX`, `AGI`, `_INT`, `WIS`, `CHA`, `see_hide`, `see_improved_hide`, `trackable`, `isbot`, `exclude`, `ATK`, `Accuracy`, `Avoidance`, `slow_mitigation`, `version`, `maxlevel`, `scalerate`, `private_corpse`, `unique_spawn_by_name`, `underwater`, `isquest`, `emoteid`, `spellscale`, `healscale`, `no_target_hotkey`, `raid_target`, `armtexture`, `bracertexture`, `handtexture`, `legtexture`, `feettexture`, `light`, `walkspeed`, `peqid`, `unique_`, `fixed`, `ignore_despawn`, `show_name`, `untargetable`, `charm_ac`, `charm_min_dmg`, `charm_max_dmg`, `charm_attack_delay`, `charm_accuracy_rating`, `charm_avoidance_rating`, `charm_atk`, `skip_global_loot`, `rare_spawn`, `stuck_behavior`, `model`, `flymode`, `always_aggro`, `exp_mod`, `heroic_strikethrough`, `faction_amount`, `keeps_sold_items`) VALUES (54201, '#Translocator_Jeeves', '', 50, 12, 12, 1, 3441, 1, 0, 23, 0, 0, 5, 0, 0, 0, 0, 0, 0, 0, 0, 0, 0, 0, 60, 174, -1, '', '22,1^23,1^24,1^35,1', 70, 0, 0, 0, 0, 0, 0, 0, 0, 0, 0, 0, 0, 0, 0, 0, 0, 0, 'IT10', 28, 28, 7, 1.25, 20, 20, 20, 20, 20, 20, 32, 0, 0, 0, 233, 0, 0, 0, 30, 1, 161, 161, 161, 161, 161, 161, 161, 0, 0, 1, 0, 1, 0, 0, 0, 0, 0, 0, 100, 0, 0, 0, 0, 0, 100, 100, 0, 0, 0, 0, 0, 0, 0, 0, 0, 0, 0, 0, 0, 1, 0, 0, 0, 0, 0, 0, 0, 0, 0, 0, 0, 0, -1, 0, 100, 0, 0, 1);
INSERT INTO `npc_types` (`id`, `name`, `lastname`, `level`, `race`, `class`, `bodytype`, `hp`, `mana`, `gender`, `texture`, `helmtexture`, `herosforgemodel`, `size`, `hp_regen_rate`, `hp_regen_per_second`, `mana_regen_rate`, `loottable_id`, `merchant_id`, `alt_currency_id`, `npc_spells_id`, `npc_spells_effects_id`, `npc_faction_id`, `adventure_template_id`, `trap_template`, `mindmg`, `maxdmg`, `attack_count`, `npcspecialattks`, `special_abilities`, `aggroradius`, `assistradius`, `face`, `luclin_hairstyle`, `luclin_haircolor`, `luclin_eyecolor`, `luclin_eyecolor2`, `luclin_beardcolor`, `luclin_beard`, `drakkin_heritage`, `drakkin_tattoo`, `drakkin_details`, `armortint_id`, `armortint_red`, `armortint_green`, `armortint_blue`, `d_melee_texture1`, `d_melee_texture2`, `ammo_idfile`, `prim_melee_type`, `sec_melee_type`, `ranged_type`, `runspeed`, `MR`, `CR`, `DR`, `FR`, `PR`, `Corrup`, `PhR`, `see_invis`, `see_invis_undead`, `qglobal`, `AC`, `npc_aggro`, `spawn_limit`, `attack_speed`, `attack_delay`, `findable`, `STR`, `STA`, `DEX`, `AGI`, `_INT`, `WIS`, `CHA`, `see_hide`, `see_improved_hide`, `trackable`, `isbot`, `exclude`, `ATK`, `Accuracy`, `Avoidance`, `slow_mitigation`, `version`, `maxlevel`, `scalerate`, `private_corpse`, `unique_spawn_by_name`, `underwater`, `isquest`, `emoteid`, `spellscale`, `healscale`, `no_target_hotkey`, `raid_target`, `armtexture`, `bracertexture`, `handtexture`, `legtexture`, `feettexture`, `light`, `walkspeed`, `peqid`, `unique_`, `fixed`, `ignore_despawn`, `show_name`, `untargetable`, `charm_ac`, `charm_min_dmg`, `charm_max_dmg`, `charm_attack_delay`, `charm_accuracy_rating`, `charm_avoidance_rating`, `charm_atk`, `skip_global_loot`, `rare_spawn`, `stuck_behavior`, `model`, `flymode`, `always_aggro`, `exp_mod`, `heroic_strikethrough`, `faction_amount`, `keeps_sold_items`) VALUES (56128, '#Translocator_Jeeves', '', 50, 12, 12, 1, 3441, 1, 0, 23, 0, 0, 5, 0, 0, 0, 0, 0, 0, 0, 0, 0, 0, 0, 60, 174, -1, '', '35,1', 70, 0, 0, 0, 0, 0, 0, 0, 0, 0, 0, 0, 0, 0, 0, 0, 0, 0, 'IT10', 28, 28, 7, 1.25, 20, 20, 20, 20, 20, 20, 32, 0, 0, 0, 233, 0, 0, 0, 30, 1, 161, 161, 161, 161, 161, 161, 161, 0, 0, 1, 0, 1, 0, 0, 0, 0, 0, 0, 100, 0, 0, 0, 0, 0, 100, 100, 0, 0, 0, 0, 0, 0, 0, 0, 0, 0, 0, 0, 0, 1, 0, 0, 0, 0, 0, 0, 0, 0, 0, 0, 0, 0, -1, 0, 100, 0, 0, 1);
INSERT INTO `npc_types` (`id`, `name`, `lastname`, `level`, `race`, `class`, `bodytype`, `hp`, `mana`, `gender`, `texture`, `helmtexture`, `herosforgemodel`, `size`, `hp_regen_rate`, `hp_regen_per_second`, `mana_regen_rate`, `loottable_id`, `merchant_id`, `alt_currency_id`, `npc_spells_id`, `npc_spells_effects_id`, `npc_faction_id`, `adventure_template_id`, `trap_template`, `mindmg`, `maxdmg`, `attack_count`, `npcspecialattks`, `special_abilities`, `aggroradius`, `assistradius`, `face`, `luclin_hairstyle`, `luclin_haircolor`, `luclin_eyecolor`, `luclin_eyecolor2`, `luclin_beardcolor`, `luclin_beard`, `drakkin_heritage`, `drakkin_tattoo`, `drakkin_details`, `armortint_id`, `armortint_red`, `armortint_green`, `armortint_blue`, `d_melee_texture1`, `d_melee_texture2`, `ammo_idfile`, `prim_melee_type`, `sec_melee_type`, `ranged_type`, `runspeed`, `MR`, `CR`, `DR`, `FR`, `PR`, `Corrup`, `PhR`, `see_invis`, `see_invis_undead`, `qglobal`, `AC`, `npc_aggro`, `spawn_limit`, `attack_speed`, `attack_delay`, `findable`, `STR`, `STA`, `DEX`, `AGI`, `_INT`, `WIS`, `CHA`, `see_hide`, `see_improved_hide`, `trackable`, `isbot`, `exclude`, `ATK`, `Accuracy`, `Avoidance`, `slow_mitigation`, `version`, `maxlevel`, `scalerate`, `private_corpse`, `unique_spawn_by_name`, `underwater`, `isquest`, `emoteid`, `spellscale`, `healscale`, `no_target_hotkey`, `raid_target`, `armtexture`, `bracertexture`, `handtexture`, `legtexture`, `feettexture`, `light`, `walkspeed`, `peqid`, `unique_`, `fixed`, `ignore_despawn`, `show_name`, `untargetable`, `charm_ac`, `charm_min_dmg`, `charm_max_dmg`, `charm_attack_delay`, `charm_accuracy_rating`, `charm_avoidance_rating`, `charm_atk`, `skip_global_loot`, `rare_spawn`, `stuck_behavior`, `model`, `flymode`, `always_aggro`, `exp_mod`, `heroic_strikethrough`, `faction_amount`, `keeps_sold_items`) VALUES (68017, '#Translocator_Jeeves', '', 50, 8, 12, 1, 3441, 1, 0, 23, 0, 0, 5, 0, 0, 0, 0, 0, 0, 0, 0, 0, 0, 0, 60, 174, -1, '', '35,1', 70, 0, 0, 0, 0, 0, 0, 0, 0, 0, 0, 0, 0, 0, 0, 0, 0, 0, 'IT10', 28, 28, 7, 1.25, 20, 20, 20, 20, 20, 20, 32, 0, 0, 0, 233, 0, 0, 0, 30, 1, 161, 161, 161, 161, 161, 161, 161, 0, 0, 1, 0, 1, 0, 0, 0, 0, 0, 0, 100, 0, 0, 0, 0, 0, 100, 100, 0, 0, 0, 0, 0, 0, 0, 0, 0, 0, 0, 0, 0, 1, 0, 0, 0, 0, 0, 0, 0, 0, 0, 0, 0, 0, -1, 0, 100, 0, 0, 1);
INSERT INTO `npc_types` (`id`, `name`, `lastname`, `level`, `race`, `class`, `bodytype`, `hp`, `mana`, `gender`, `texture`, `helmtexture`, `herosforgemodel`, `size`, `hp_regen_rate`, `hp_regen_per_second`, `mana_regen_rate`, `loottable_id`, `merchant_id`, `alt_currency_id`, `npc_spells_id`, `npc_spells_effects_id`, `npc_faction_id`, `adventure_template_id`, `trap_template`, `mindmg`, `maxdmg`, `attack_count`, `npcspecialattks`, `special_abilities`, `aggroradius`, `assistradius`, `face`, `luclin_hairstyle`, `luclin_haircolor`, `luclin_eyecolor`, `luclin_eyecolor2`, `luclin_beardcolor`, `luclin_beard`, `drakkin_heritage`, `drakkin_tattoo`, `drakkin_details`, `armortint_id`, `armortint_red`, `armortint_green`, `armortint_blue`, `d_melee_texture1`, `d_melee_texture2`, `ammo_idfile`, `prim_melee_type`, `sec_melee_type`, `ranged_type`, `runspeed`, `MR`, `CR`, `DR`, `FR`, `PR`, `Corrup`, `PhR`, `see_invis`, `see_invis_undead`, `qglobal`, `AC`, `npc_aggro`, `spawn_limit`, `attack_speed`, `attack_delay`, `findable`, `STR`, `STA`, `DEX`, `AGI`, `_INT`, `WIS`, `CHA`, `see_hide`, `see_improved_hide`, `trackable`, `isbot`, `exclude`, `ATK`, `Accuracy`, `Avoidance`, `slow_mitigation`, `version`, `maxlevel`, `scalerate`, `private_corpse`, `unique_spawn_by_name`, `underwater`, `isquest`, `emoteid`, `spellscale`, `healscale`, `no_target_hotkey`, `raid_target`, `armtexture`, `bracertexture`, `handtexture`, `legtexture`, `feettexture`, `light`, `walkspeed`, `peqid`, `unique_`, `fixed`, `ignore_despawn`, `show_name`, `untargetable`, `charm_ac`, `charm_min_dmg`, `charm_max_dmg`, `charm_attack_delay`, `charm_accuracy_rating`, `charm_avoidance_rating`, `charm_atk`, `skip_global_loot`, `rare_spawn`, `stuck_behavior`, `model`, `flymode`, `always_aggro`, `exp_mod`, `heroic_strikethrough`, `faction_amount`, `keeps_sold_items`) VALUES (78003, '#Translocator_Jeeves', '', 60, 12, 1, 1, 4072, 0, 0, 0, 0, 0, 7, 0, 0, 0, 110722, 0, 0, 0, 0, 0, 0, 0, 28, 60, -1, '', '19,1^20,1^24,1^35,1', 70, 0, 0, 0, 0, 0, 0, 0, 0, 0, 0, 0, 0, 0, 0, 0, 0, 0, 'IT10', 28, 28, 7, 1.25, 83, 83, 83, 83, 83, 83, 65, 0, 0, 0, 258, 0, 0, 0, 29, 1, 207, 207, 207, 207, 207, 207, 207, 0, 0, 1, 0, 1, 0, 0, 0, 0, 0, 0, 100, 0, 0, 0, 0, 0, 100, 100, 0, 0, 0, 0, 0, 0, 0, 0, 0, 0, 0, 0, 0, 1, 0, 0, 0, 0, 0, 0, 0, 0, 0, 0, 0, 0, -1, 0, 100, 0, 0, 1);
INSERT INTO `npc_types` (`id`, `name`, `lastname`, `level`, `race`, `class`, `bodytype`, `hp`, `mana`, `gender`, `texture`, `helmtexture`, `herosforgemodel`, `size`, `hp_regen_rate`, `hp_regen_per_second`, `mana_regen_rate`, `loottable_id`, `merchant_id`, `alt_currency_id`, `npc_spells_id`, `npc_spells_effects_id`, `npc_faction_id`, `adventure_template_id`, `trap_template`, `mindmg`, `maxdmg`, `attack_count`, `npcspecialattks`, `special_abilities`, `aggroradius`, `assistradius`, `face`, `luclin_hairstyle`, `luclin_haircolor`, `luclin_eyecolor`, `luclin_eyecolor2`, `luclin_beardcolor`, `luclin_beard`, `drakkin_heritage`, `drakkin_tattoo`, `drakkin_details`, `armortint_id`, `armortint_red`, `armortint_green`, `armortint_blue`, `d_melee_texture1`, `d_melee_texture2`, `ammo_idfile`, `prim_melee_type`, `sec_melee_type`, `ranged_type`, `runspeed`, `MR`, `CR`, `DR`, `FR`, `PR`, `Corrup`, `PhR`, `see_invis`, `see_invis_undead`, `qglobal`, `AC`, `npc_aggro`, `spawn_limit`, `attack_speed`, `attack_delay`, `findable`, `STR`, `STA`, `DEX`, `AGI`, `_INT`, `WIS`, `CHA`, `see_hide`, `see_improved_hide`, `trackable`, `isbot`, `exclude`, `ATK`, `Accuracy`, `Avoidance`, `slow_mitigation`, `version`, `maxlevel`, `scalerate`, `private_corpse`, `unique_spawn_by_name`, `underwater`, `isquest`, `emoteid`, `spellscale`, `healscale`, `no_target_hotkey`, `raid_target`, `armtexture`, `bracertexture`, `handtexture`, `legtexture`, `feettexture`, `light`, `walkspeed`, `peqid`, `unique_`, `fixed`, `ignore_despawn`, `show_name`, `untargetable`, `charm_ac`, `charm_min_dmg`, `charm_max_dmg`, `charm_attack_delay`, `charm_accuracy_rating`, `charm_avoidance_rating`, `charm_atk`, `skip_global_loot`, `rare_spawn`, `stuck_behavior`, `model`, `flymode`, `always_aggro`, `exp_mod`, `heroic_strikethrough`, `faction_amount`, `keeps_sold_items`) VALUES (84003, '#Translocator_Jeeves', '', 50, 12, 12, 1, 3441, 1, 0, 0, 0, 0, 7, 0, 0, 0, 110722, 0, 0, 0, 0, 0, 0, 0, 60, 174, -1, '', '19,1^22,1^23,1^35,1', 70, 0, 0, 0, 0, 0, 0, 0, 0, 0, 0, 0, 0, 0, 0, 0, 0, 0, 'IT10', 28, 28, 7, 1.25, 20, 20, 20, 20, 20, 20, 32, 0, 0, 0, 233, 0, 0, 0, 30, 1, 161, 161, 161, 161, 161, 161, 161, 0, 0, 1, 0, 1, 0, 0, 0, 0, 0, 0, 100, 0, 0, 0, 0, 0, 100, 100, 0, 0, 0, 0, 0, 0, 0, 0, 0, 0, 0, 0, 0, 1, 0, 0, 0, 0, 0, 0, 0, 0, 0, 0, 0, 0, -1, 0, 100, 0, 0, 1);
INSERT INTO `npc_types` (`id`, `name`, `lastname`, `level`, `race`, `class`, `bodytype`, `hp`, `mana`, `gender`, `texture`, `helmtexture`, `herosforgemodel`, `size`, `hp_regen_rate`, `hp_regen_per_second`, `mana_regen_rate`, `loottable_id`, `merchant_id`, `alt_currency_id`, `npc_spells_id`, `npc_spells_effects_id`, `npc_faction_id`, `adventure_template_id`, `trap_template`, `mindmg`, `maxdmg`, `attack_count`, `npcspecialattks`, `special_abilities`, `aggroradius`, `assistradius`, `face`, `luclin_hairstyle`, `luclin_haircolor`, `luclin_eyecolor`, `luclin_eyecolor2`, `luclin_beardcolor`, `luclin_beard`, `drakkin_heritage`, `drakkin_tattoo`, `drakkin_details`, `armortint_id`, `armortint_red`, `armortint_green`, `armortint_blue`, `d_melee_texture1`, `d_melee_texture2`, `ammo_idfile`, `prim_melee_type`, `sec_melee_type`, `ranged_type`, `runspeed`, `MR`, `CR`, `DR`, `FR`, `PR`, `Corrup`, `PhR`, `see_invis`, `see_invis_undead`, `qglobal`, `AC`, `npc_aggro`, `spawn_limit`, `attack_speed`, `attack_delay`, `findable`, `STR`, `STA`, `DEX`, `AGI`, `_INT`, `WIS`, `CHA`, `see_hide`, `see_improved_hide`, `trackable`, `isbot`, `exclude`, `ATK`, `Accuracy`, `Avoidance`, `slow_mitigation`, `version`, `maxlevel`, `scalerate`, `private_corpse`, `unique_spawn_by_name`, `underwater`, `isquest`, `emoteid`, `spellscale`, `healscale`, `no_target_hotkey`, `raid_target`, `armtexture`, `bracertexture`, `handtexture`, `legtexture`, `feettexture`, `light`, `walkspeed`, `peqid`, `unique_`, `fixed`, `ignore_despawn`, `show_name`, `untargetable`, `charm_ac`, `charm_min_dmg`, `charm_max_dmg`, `charm_attack_delay`, `charm_accuracy_rating`, `charm_avoidance_rating`, `charm_atk`, `skip_global_loot`, `rare_spawn`, `stuck_behavior`, `model`, `flymode`, `always_aggro`, `exp_mod`, `heroic_strikethrough`, `faction_amount`, `keeps_sold_items`) VALUES (394000, '#Translocator_Jeeves', '', 100, 12, 12, 1, 11975, 0, 0, 16, 0, 0, 4, 0, 0, 0, 110734, 0, 0, 0, 0, 0, 0, 0, 15, 59, -1, '', '24,1^25,1^35,1^39,1', 70, 0, 0, 0, 0, 0, 0, 0, 0, 0, 0, 0, 0, 0, 0, 0, 0, 0, 'IT10', 28, 28, 7, 1.25, 4, 4, 4, 4, 4, 4, 198, 0, 0, 0, 454, 0, 0, 0, 29, 1, 367, 367, 367, 367, 367, 367, 367, 0, 0, 1, 0, 1, 0, 0, 0, 0, 0, 0, 100, 0, 0, 0, 0, 0, 100, 100, 0, 0, 0, 0, 0, 0, 0, 0, 0, 0, 0, 0, 0, 1, 0, 0, 0, 0, 0, 0, 0, 0, 0, 0, 0, 0, -1, 0, 100, 0, 0, 1);
INSERT INTO `npc_types` (`id`, `name`, `lastname`, `level`, `race`, `class`, `bodytype`, `hp`, `mana`, `gender`, `texture`, `helmtexture`, `herosforgemodel`, `size`, `hp_regen_rate`, `hp_regen_per_second`, `mana_regen_rate`, `loottable_id`, `merchant_id`, `alt_currency_id`, `npc_spells_id`, `npc_spells_effects_id`, `npc_faction_id`, `adventure_template_id`, `trap_template`, `mindmg`, `maxdmg`, `attack_count`, `npcspecialattks`, `special_abilities`, `aggroradius`, `assistradius`, `face`, `luclin_hairstyle`, `luclin_haircolor`, `luclin_eyecolor`, `luclin_eyecolor2`, `luclin_beardcolor`, `luclin_beard`, `drakkin_heritage`, `drakkin_tattoo`, `drakkin_details`, `armortint_id`, `armortint_red`, `armortint_green`, `armortint_blue`, `d_melee_texture1`, `d_melee_texture2`, `ammo_idfile`, `prim_melee_type`, `sec_melee_type`, `ranged_type`, `runspeed`, `MR`, `CR`, `DR`, `FR`, `PR`, `Corrup`, `PhR`, `see_invis`, `see_invis_undead`, `qglobal`, `AC`, `npc_aggro`, `spawn_limit`, `attack_speed`, `attack_delay`, `findable`, `STR`, `STA`, `DEX`, `AGI`, `_INT`, `WIS`, `CHA`, `see_hide`, `see_improved_hide`, `trackable`, `isbot`, `exclude`, `ATK`, `Accuracy`, `Avoidance`, `slow_mitigation`, `version`, `maxlevel`, `scalerate`, `private_corpse`, `unique_spawn_by_name`, `underwater`, `isquest`, `emoteid`, `spellscale`, `healscale`, `no_target_hotkey`, `raid_target`, `armtexture`, `bracertexture`, `handtexture`, `legtexture`, `feettexture`, `light`, `walkspeed`, `peqid`, `unique_`, `fixed`, `ignore_despawn`, `show_name`, `untargetable`, `charm_ac`, `charm_min_dmg`, `charm_max_dmg`, `charm_attack_delay`, `charm_accuracy_rating`, `charm_avoidance_rating`, `charm_atk`, `skip_global_loot`, `rare_spawn`, `stuck_behavior`, `model`, `flymode`, `always_aggro`, `exp_mod`, `heroic_strikethrough`, `faction_amount`, `keeps_sold_items`) VALUES (414194, '#Translocator_Jeeves', '', 50, 3, 12, 1, 3441, 1, 0, 23, 0, 0, 5, 0, 0, 0, 0, 0, 0, 0, 0, 0, 0, 0, 60, 174, -1, '', '35,1', 70, 0, 0, 0, 0, 0, 0, 0, 0, 0, 0, 0, 0, 0, 0, 0, 0, 0, 'IT10', 28, 28, 7, 1.25, 20, 20, 20, 20, 20, 20, 32, 0, 0, 0, 233, 0, 0, 0, 30, 1, 161, 161, 161, 161, 161, 161, 161, 0, 0, 1, 0, 1, 0, 0, 0, 0, 0, 0, 100, 0, 0, 0, 0, 0, 100, 100, 0, 0, 0, 0, 0, 0, 0, 0, 0, 0, 0, 0, 0, 1, 0, 0, 0, 0, 0, 0, 0, 0, 0, 0, 0, 0, -1, 0, 100, 0, 0, 1);
INSERT INTO `npc_types` (`id`, `name`, `lastname`, `level`, `race`, `class`, `bodytype`, `hp`, `mana`, `gender`, `texture`, `helmtexture`, `herosforgemodel`, `size`, `hp_regen_rate`, `hp_regen_per_second`, `mana_regen_rate`, `loottable_id`, `merchant_id`, `alt_currency_id`, `npc_spells_id`, `npc_spells_effects_id`, `npc_faction_id`, `adventure_template_id`, `trap_template`, `mindmg`, `maxdmg`, `attack_count`, `npcspecialattks`, `special_abilities`, `aggroradius`, `assistradius`, `face`, `luclin_hairstyle`, `luclin_haircolor`, `luclin_eyecolor`, `luclin_eyecolor2`, `luclin_beardcolor`, `luclin_beard`, `drakkin_heritage`, `drakkin_tattoo`, `drakkin_details`, `armortint_id`, `armortint_red`, `armortint_green`, `armortint_blue`, `d_melee_texture1`, `d_melee_texture2`, `ammo_idfile`, `prim_melee_type`, `sec_melee_type`, `ranged_type`, `runspeed`, `MR`, `CR`, `DR`, `FR`, `PR`, `Corrup`, `PhR`, `see_invis`, `see_invis_undead`, `qglobal`, `AC`, `npc_aggro`, `spawn_limit`, `attack_speed`, `attack_delay`, `findable`, `STR`, `STA`, `DEX`, `AGI`, `_INT`, `WIS`, `CHA`, `see_hide`, `see_improved_hide`, `trackable`, `isbot`, `exclude`, `ATK`, `Accuracy`, `Avoidance`, `slow_mitigation`, `version`, `maxlevel`, `scalerate`, `private_corpse`, `unique_spawn_by_name`, `underwater`, `isquest`, `emoteid`, `spellscale`, `healscale`, `no_target_hotkey`, `raid_target`, `armtexture`, `bracertexture`, `handtexture`, `legtexture`, `feettexture`, `light`, `walkspeed`, `peqid`, `unique_`, `fixed`, `ignore_despawn`, `show_name`, `untargetable`, `charm_ac`, `charm_min_dmg`, `charm_max_dmg`, `charm_attack_delay`, `charm_accuracy_rating`, `charm_avoidance_rating`, `charm_atk`, `skip_global_loot`, `rare_spawn`, `stuck_behavior`, `model`, `flymode`, `always_aggro`, `exp_mod`, `heroic_strikethrough`, `faction_amount`, `keeps_sold_items`) VALUES (415125, '#Translocator_Jeeves', '', 50, 12, 12, 1, 3441, 1, 0, 27, 0, 0, 5, 0, 0, 0, 0, 0, 0, 0, 0, 0, 0, 0, 60, 174, -1, '', '22,1^23,1^25,1^35,1', 70, 0, 0, 0, 0, 0, 0, 0, 0, 0, 0, 0, 0, 0, 0, 0, 0, 0, 'IT10', 28, 28, 7, 1.25, 20, 20, 20, 20, 20, 20, 32, 0, 0, 0, 233, 0, 0, 0, 30, 1, 161, 161, 161, 161, 161, 161, 161, 0, 0, 1, 0, 1, 0, 0, 0, 0, 0, 0, 100, 0, 0, 0, 0, 0, 100, 100, 0, 0, 0, 0, 0, 0, 0, 0, 0, 0, 0, 0, 0, 1, 0, 0, 0, 0, 0, 0, 0, 0, 0, 0, 0, 0, -1, 0, 100, 0, 0, 1);
INSERT INTO `npc_types` (`id`, `name`, `lastname`, `level`, `race`, `class`, `bodytype`, `hp`, `mana`, `gender`, `texture`, `helmtexture`, `herosforgemodel`, `size`, `hp_regen_rate`, `hp_regen_per_second`, `mana_regen_rate`, `loottable_id`, `merchant_id`, `alt_currency_id`, `npc_spells_id`, `npc_spells_effects_id`, `npc_faction_id`, `adventure_template_id`, `trap_template`, `mindmg`, `maxdmg`, `attack_count`, `npcspecialattks`, `special_abilities`, `aggroradius`, `assistradius`, `face`, `luclin_hairstyle`, `luclin_haircolor`, `luclin_eyecolor`, `luclin_eyecolor2`, `luclin_beardcolor`, `luclin_beard`, `drakkin_heritage`, `drakkin_tattoo`, `drakkin_details`, `armortint_id`, `armortint_red`, `armortint_green`, `armortint_blue`, `d_melee_texture1`, `d_melee_texture2`, `ammo_idfile`, `prim_melee_type`, `sec_melee_type`, `ranged_type`, `runspeed`, `MR`, `CR`, `DR`, `FR`, `PR`, `Corrup`, `PhR`, `see_invis`, `see_invis_undead`, `qglobal`, `AC`, `npc_aggro`, `spawn_limit`, `attack_speed`, `attack_delay`, `findable`, `STR`, `STA`, `DEX`, `AGI`, `_INT`, `WIS`, `CHA`, `see_hide`, `see_improved_hide`, `trackable`, `isbot`, `exclude`, `ATK`, `Accuracy`, `Avoidance`, `slow_mitigation`, `version`, `maxlevel`, `scalerate`, `private_corpse`, `unique_spawn_by_name`, `underwater`, `isquest`, `emoteid`, `spellscale`, `healscale`, `no_target_hotkey`, `raid_target`, `armtexture`, `bracertexture`, `handtexture`, `legtexture`, `feettexture`, `light`, `walkspeed`, `peqid`, `unique_`, `fixed`, `ignore_despawn`, `show_name`, `untargetable`, `charm_ac`, `charm_min_dmg`, `charm_max_dmg`, `charm_attack_delay`, `charm_accuracy_rating`, `charm_avoidance_rating`, `charm_atk`, `skip_global_loot`, `rare_spawn`, `stuck_behavior`, `model`, `flymode`, `always_aggro`, `exp_mod`, `heroic_strikethrough`, `faction_amount`, `keeps_sold_items`) VALUES (2000044, 'Translocator_Jeeves', NULL, 100, 1, 1, 1, 100000, 0, 0, 0, 0, 0, 6, 0, 0, 0, 0, 0, 0, 0, 0, 0, 0, 0, 0, 0, -1, '', '24,1', 0, 0, 0, 1, 1, 1, 1, 1, 0, 0, 0, 0, 0, 0, 0, 0, 0, 0, 'IT10', 28, 28, 7, 50, 0, 0, 0, 0, 0, 0, 0, 0, 0, 0, 0, 0, 0, 0, 30, 1, 75, 75, 75, 75, 80, 75, 75, 0, 0, 1, 0, 1, 0, 0, 0, 0, 0, 0, 100, 0, 0, 0, 1, 0, 100, 100, 0, 0, 0, 0, 0, 0, 0, 0, 0, 0, 0, 0, 0, 1, 0, 0, 0, 0, 0, 0, 0, 0, 0, 0, 0, 0, -1, 0, 100, 0, 0, 1);

INSERT INTO `spawngroup` (`id`, `name`, `spawn_limit`, `dist`, `max_x`, `min_x`, `max_y`, `min_y`, `delay`, `mindelay`, `despawn`, `despawn_timer`, `wp_spawns`) VALUES (288089, 'gfaydark#Translocator_Jeeves0002841829', 0, 0, 0, 0, 0, 0, 45000, 15000, 0, 100, 0);
INSERT INTO `spawngroup` (`id`, `name`, `spawn_limit`, `dist`, `max_x`, `min_x`, `max_y`, `min_y`, `delay`, `mindelay`, `despawn`, `despawn_timer`, `wp_spawns`) VALUES (288090, 'mistythicket#Translocator_Jeeves0007378360', 0, 0, 0, 0, 0, 0, 45000, 15000, 0, 100, 0);
INSERT INTO `spawngroup` (`id`, `name`, `spawn_limit`, `dist`, `max_x`, `min_x`, `max_y`, `min_y`, `delay`, `mindelay`, `despawn`, `despawn_timer`, `wp_spawns`) VALUES (288091, 'qeynos2#Translocator_Jeeves0008683064', 0, 0, 0, 0, 0, 0, 45000, 15000, 0, 100, 0);
INSERT INTO `spawngroup` (`id`, `name`, `spawn_limit`, `dist`, `max_x`, `min_x`, `max_y`, `min_y`, `delay`, `mindelay`, `despawn`, `despawn_timer`, `wp_spawns`) VALUES (288092, 'freportw#Translocator_Jeeves0008780280', 0, 0, 0, 0, 0, 0, 45000, 15000, 0, 100, 0);
INSERT INTO `spawngroup` (`id`, `name`, `spawn_limit`, `dist`, `max_x`, `min_x`, `max_y`, `min_y`, `delay`, `mindelay`, `despawn`, `despawn_timer`, `wp_spawns`) VALUES (288093, 'neriakb#Translocator_Jeeves0008467607', 0, 0, 0, 0, 0, 0, 45000, 15000, 0, 100, 0);
INSERT INTO `spawngroup` (`id`, `name`, `spawn_limit`, `dist`, `max_x`, `min_x`, `max_y`, `min_y`, `delay`, `mindelay`, `despawn`, `despawn_timer`, `wp_spawns`) VALUES (288094, 'butcher#Translocator_Jeeves0003947245', 0, 0, 0, 0, 0, 0, 45000, 15000, 0, 100, 0);
INSERT INTO `spawngroup` (`id`, `name`, `spawn_limit`, `dist`, `max_x`, `min_x`, `max_y`, `min_y`, `delay`, `mindelay`, `despawn`, `despawn_timer`, `wp_spawns`) VALUES (288095, 'steamfont#Translocator_Jeeves0003885175', 0, 0, 0, 0, 0, 0, 45000, 15000, 0, 100, 0);
INSERT INTO `spawngroup` (`id`, `name`, `spawn_limit`, `dist`, `max_x`, `min_x`, `max_y`, `min_y`, `delay`, `mindelay`, `despawn`, `despawn_timer`, `wp_spawns`) VALUES (288096, 'innothule#Translocator_Jeeves0003910535', 0, 0, 0, 0, 0, 0, 45000, 15000, 0, 100, 0);
INSERT INTO `spawngroup` (`id`, `name`, `spawn_limit`, `dist`, `max_x`, `min_x`, `max_y`, `min_y`, `delay`, `mindelay`, `despawn`, `despawn_timer`, `wp_spawns`) VALUES (288097, 'feerrott#Translocator_Jeeves0004019604', 0, 0, 0, 0, 0, 0, 45000, 15000, 0, 100, 0);
INSERT INTO `spawngroup` (`id`, `name`, `spawn_limit`, `dist`, `max_x`, `min_x`, `max_y`, `min_y`, `delay`, `mindelay`, `despawn`, `despawn_timer`, `wp_spawns`) VALUES (288098, 'toxxulia#Translocator_Jeeves0004796874', 0, 0, 0, 0, 0, 0, 45000, 15000, 0, 100, 0);
INSERT INTO `spawngroup` (`id`, `name`, `spawn_limit`, `dist`, `max_x`, `min_x`, `max_y`, `min_y`, `delay`, `mindelay`, `despawn`, `despawn_timer`, `wp_spawns`) VALUES (288099, 'everfrost#Translocator_Jeeves00010372381', 0, 0, 0, 0, 0, 0, 45000, 15000, 0, 100, 0);
INSERT INTO `spawngroup` (`id`, `name`, `spawn_limit`, `dist`, `max_x`, `min_x`, `max_y`, `min_y`, `delay`, `mindelay`, `despawn`, `despawn_timer`, `wp_spawns`) VALUES (288100, 'crescent#Translocator_Jeeves00035261744', 0, 0, 0, 0, 0, 0, 45000, 15000, 0, 100, 0);
INSERT INTO `spawngroup` (`id`, `name`, `spawn_limit`, `dist`, `max_x`, `min_x`, `max_y`, `min_y`, `delay`, `mindelay`, `despawn`, `despawn_timer`, `wp_spawns`) VALUES (288101, 'fieldofbone#Translocator_Jeeves0006873326', 0, 0, 0, 0, 0, 0, 45000, 15000, 0, 100, 0);
INSERT INTO `spawngroup` (`id`, `name`, `spawn_limit`, `dist`, `max_x`, `min_x`, `max_y`, `min_y`, `delay`, `mindelay`, `despawn`, `despawn_timer`, `wp_spawns`) VALUES (288102, 'firiona#Translocator_Jeeves0009621313', 0, 0, 0, 0, 0, 0, 45000, 15000, 0, 100, 0);
INSERT INTO `spawngroup` (`id`, `name`, `spawn_limit`, `dist`, `max_x`, `min_x`, `max_y`, `min_y`, `delay`, `mindelay`, `despawn`, `despawn_timer`, `wp_spawns`) VALUES (288104, 'tox#Translocator_Jeeves0007670943', 0, 0, 0, 0, 0, 0, 45000, 15000, 0, 100, 0);
INSERT INTO `spawngroup` (`id`, `name`, `spawn_limit`, `dist`, `max_x`, `min_x`, `max_y`, `min_y`, `delay`, `mindelay`, `despawn`, `despawn_timer`, `wp_spawns`) VALUES (288125, 'overthere#Translocator_Jeeves00010574958', 0, 0, 0, 0, 0, 0, 45000, 15000, 0, 100, 0);
INSERT INTO `spawngroup` (`id`, `name`, `spawn_limit`, `dist`, `max_x`, `min_x`, `max_y`, `min_y`, `delay`, `mindelay`, `despawn`, `despawn_timer`, `wp_spawns`) VALUES (288166, 'rathemtn#Translocator_Jeeves00012675657', 0, 0, 0, 0, 0, 0, 45000, 15000, 0, 100, 0);
INSERT INTO `spawngroup` (`id`, `name`, `spawn_limit`, `dist`, `max_x`, `min_x`, `max_y`, `min_y`, `delay`, `mindelay`, `despawn`, `despawn_timer`, `wp_spawns`) VALUES (288186, 'misty-Translocator_Jeeves000', 0, 0, 0, 0, 0, 0, 45000, 15000, 0, 100, 0);
INSERT INTO `spawngroup` (`id`, `name`, `spawn_limit`, `dist`, `max_x`, `min_x`, `max_y`, `min_y`, `delay`, `mindelay`, `despawn`, `despawn_timer`, `wp_spawns`) VALUES (288198, 'bazaar#Translocator_Jeeves00022224944', 0, 0, 0, 0, 0, 0, 45000, 15000, 0, 100, 0);
INSERT INTO `spawngroup` (`id`, `name`, `spawn_limit`, `dist`, `max_x`, `min_x`, `max_y`, `min_y`, `delay`, `mindelay`, `despawn`, `despawn_timer`, `wp_spawns`) VALUES (288199, 'greatdivide#Translocator_Jeeves00012479346', 0, 0, 0, 0, 0, 0, 45000, 15000, 0, 100, 0);
INSERT INTO `spawngroup` (`id`, `name`, `spawn_limit`, `dist`, `max_x`, `min_x`, `max_y`, `min_y`, `delay`, `mindelay`, `despawn`, `despawn_timer`, `wp_spawns`) VALUES (288201, 'sharvahl#Translocator_Jeeves00018673755', 0, 0, 0, 0, 0, 0, 45000, 15000, 0, 100, 0);
INSERT INTO `spawngroup` (`id`, `name`, `spawn_limit`, `dist`, `max_x`, `min_x`, `max_y`, `min_y`, `delay`, `mindelay`, `despawn`, `despawn_timer`, `wp_spawns`) VALUES (288202, 'nektulos#Translocator_Jeeves00034141968', 0, 0, 0, 0, 0, 0, 45000, 15000, 0, 100, 0);

INSERT INTO `spawn2` (`id`, `spawngroupID`, `zone`, `version`, `x`, `y`, `z`, `heading`, `respawntime`, `variance`, `pathgrid`, `path_when_zone_idle`, `_condition`, `cond_value`, `animation`, `min_expansion`, `max_expansion`, `content_flags`, `content_flags_disabled`) VALUES (264717, 288089, 'gfaydark', 0, 59.534515, 389.232117, 27.183556, 219.500000, 640, 0, 0, 0, 0, 1, 0, -1, -1, NULL, NULL);
INSERT INTO `spawn2` (`id`, `spawngroupID`, `zone`, `version`, `x`, `y`, `z`, `heading`, `respawntime`, `variance`, `pathgrid`, `path_when_zone_idle`, `_condition`, `cond_value`, `animation`, `min_expansion`, `max_expansion`, `content_flags`, `content_flags_disabled`) VALUES (264718, 288090, 'mistythicket', 0, -1086.365234, 266.446167, 12.104145, 445.504791, 640, 0, 0, 0, 0, 1, 0, -1, -1, NULL, NULL);
INSERT INTO `spawn2` (`id`, `spawngroupID`, `zone`, `version`, `x`, `y`, `z`, `heading`, `respawntime`, `variance`, `pathgrid`, `path_when_zone_idle`, `_condition`, `cond_value`, `animation`, `min_expansion`, `max_expansion`, `content_flags`, `content_flags_disabled`) VALUES (264719, 288091, 'qeynos2', 0, -54.212276, 436.481049, 3.226998, 119.250000, 640, 0, 0, 0, 0, 1, 0, -1, -1, NULL, NULL);
INSERT INTO `spawn2` (`id`, `spawngroupID`, `zone`, `version`, `x`, `y`, `z`, `heading`, `respawntime`, `variance`, `pathgrid`, `path_when_zone_idle`, `_condition`, `cond_value`, `animation`, `min_expansion`, `max_expansion`, `content_flags`, `content_flags_disabled`) VALUES (264720, 288092, 'freportw', 0, 217.789764, 121.605904, -24.772985, 332.250000, 640, 0, 0, 0, 0, 1, 0, -1, -1, NULL, NULL);
INSERT INTO `spawn2` (`id`, `spawngroupID`, `zone`, `version`, `x`, `y`, `z`, `heading`, `respawntime`, `variance`, `pathgrid`, `path_when_zone_idle`, `_condition`, `cond_value`, `animation`, `min_expansion`, `max_expansion`, `content_flags`, `content_flags_disabled`) VALUES (264721, 288093, 'neriakb', 0, -494.061523, 10.314394, -10.772992, 225.750000, 640, 0, 0, 0, 0, 1, 0, -1, -1, NULL, NULL);
INSERT INTO `spawn2` (`id`, `spawngroupID`, `zone`, `version`, `x`, `y`, `z`, `heading`, `respawntime`, `variance`, `pathgrid`, `path_when_zone_idle`, `_condition`, `cond_value`, `animation`, `min_expansion`, `max_expansion`, `content_flags`, `content_flags_disabled`) VALUES (264722, 288094, 'butcher', 0, -220.698441, 2758.133545, 7.064876, 2.500000, 640, 0, 0, 0, 0, 1, 0, -1, -1, NULL, NULL);
INSERT INTO `spawn2` (`id`, `spawngroupID`, `zone`, `version`, `x`, `y`, `z`, `heading`, `respawntime`, `variance`, `pathgrid`, `path_when_zone_idle`, `_condition`, `cond_value`, `animation`, `min_expansion`, `max_expansion`, `content_flags`, `content_flags_disabled`) VALUES (264723, 288095, 'steamfont', 0, 561.578308, -1587.244751, -108.679192, 244.750000, 640, 0, 0, 0, 0, 1, 0, -1, -1, NULL, NULL);
INSERT INTO `spawn2` (`id`, `spawngroupID`, `zone`, `version`, `x`, `y`, `z`, `heading`, `respawntime`, `variance`, `pathgrid`, `path_when_zone_idle`, `_condition`, `cond_value`, `animation`, `min_expansion`, `max_expansion`, `content_flags`, `content_flags_disabled`) VALUES (264724, 288096, 'innothule', 0, -170.375000, -2590.750000, -17.895891, 427.250000, 640, 0, 0, 0, 0, 1, 0, -1, -1, NULL, NULL);
INSERT INTO `spawn2` (`id`, `spawngroupID`, `zone`, `version`, `x`, `y`, `z`, `heading`, `respawntime`, `variance`, `pathgrid`, `path_when_zone_idle`, `_condition`, `cond_value`, `animation`, `min_expansion`, `max_expansion`, `content_flags`, `content_flags_disabled`) VALUES (264725, 288097, 'feerrott', 0, 276.824036, 1209.185547, -2.311970, 150.250000, 640, 0, 0, 0, 0, 1, 0, -1, -1, NULL, NULL);
INSERT INTO `spawn2` (`id`, `spawngroupID`, `zone`, `version`, `x`, `y`, `z`, `heading`, `respawntime`, `variance`, `pathgrid`, `path_when_zone_idle`, `_condition`, `cond_value`, `animation`, `min_expansion`, `max_expansion`, `content_flags`, `content_flags_disabled`) VALUES (264726, 288098, 'toxxulia', 0, -893.995972, 2097.033936, 41.869255, 22.250000, 640, 0, 0, 0, 0, 1, 0, -1, -1, NULL, NULL);
INSERT INTO `spawn2` (`id`, `spawngroupID`, `zone`, `version`, `x`, `y`, `z`, `heading`, `respawntime`, `variance`, `pathgrid`, `path_when_zone_idle`, `_condition`, `cond_value`, `animation`, `min_expansion`, `max_expansion`, `content_flags`, `content_flags_disabled`) VALUES (264727, 288099, 'everfrost', 0, 673.331604, 3196.606934, -60.668335, 358.500000, 640, 0, 0, 0, 0, 1, 0, -1, -1, NULL, NULL);
INSERT INTO `spawn2` (`id`, `spawngroupID`, `zone`, `version`, `x`, `y`, `z`, `heading`, `respawntime`, `variance`, `pathgrid`, `path_when_zone_idle`, `_condition`, `cond_value`, `animation`, `min_expansion`, `max_expansion`, `content_flags`, `content_flags_disabled`) VALUES (264728, 288100, 'crescent', 0, -15.340814, 19.787060, 2.266121, 269.500000, 1200, 0, 0, 0, 0, 1, 0, -1, -1, NULL, NULL);
INSERT INTO `spawn2` (`id`, `spawngroupID`, `zone`, `version`, `x`, `y`, `z`, `heading`, `respawntime`, `variance`, `pathgrid`, `path_when_zone_idle`, `_condition`, `cond_value`, `animation`, `min_expansion`, `max_expansion`, `content_flags`, `content_flags_disabled`) VALUES (264729, 288101, 'fieldofbone', 0, 3061.572754, -2011.654663, 27.598528, 281.250000, 1200, 0, 0, 0, 0, 1, 0, -1, -1, NULL, NULL);
INSERT INTO `spawn2` (`id`, `spawngroupID`, `zone`, `version`, `x`, `y`, `z`, `heading`, `respawntime`, `variance`, `pathgrid`, `path_when_zone_idle`, `_condition`, `cond_value`, `animation`, `min_expansion`, `max_expansion`, `content_flags`, `content_flags_disabled`) VALUES (264730, 288102, 'firiona', 0, 1434.769043, -2400.925293, -3.257171, 111.500000, 1200, 0, 0, 0, 0, 1, 0, -1, -1, NULL, NULL);
INSERT INTO `spawn2` (`id`, `spawngroupID`, `zone`, `version`, `x`, `y`, `z`, `heading`, `respawntime`, `variance`, `pathgrid`, `path_when_zone_idle`, `_condition`, `cond_value`, `animation`, `min_expansion`, `max_expansion`, `content_flags`, `content_flags_disabled`) VALUES (264732, 288104, 'tox', 0, 232.421509, 2211.272217, -46.272976, 501.250000, 1200, 0, 0, 0, 0, 1, 0, -1, -1, NULL, NULL);
INSERT INTO `spawn2` (`id`, `spawngroupID`, `zone`, `version`, `x`, `y`, `z`, `heading`, `respawntime`, `variance`, `pathgrid`, `path_when_zone_idle`, `_condition`, `cond_value`, `animation`, `min_expansion`, `max_expansion`, `content_flags`, `content_flags_disabled`) VALUES (264753, 288125, 'overthere', 0, 2449.600098, 3065.120117, -54.049999, 366.000000, 1200, 0, 0, 0, 0, 1, 0, -1, -1, NULL, NULL);
INSERT INTO `spawn2` (`id`, `spawngroupID`, `zone`, `version`, `x`, `y`, `z`, `heading`, `respawntime`, `variance`, `pathgrid`, `path_when_zone_idle`, `_condition`, `cond_value`, `animation`, `min_expansion`, `max_expansion`, `content_flags`, `content_flags_disabled`) VALUES (264794, 288166, 'rathemtn', 0, 757.981262, -2173.473877, 8.564624, 236.500000, 1200, 0, 0, 0, 0, 1, 0, -1, -1, NULL, NULL);
INSERT INTO `spawn2` (`id`, `spawngroupID`, `zone`, `version`, `x`, `y`, `z`, `heading`, `respawntime`, `variance`, `pathgrid`, `path_when_zone_idle`, `_condition`, `cond_value`, `animation`, `min_expansion`, `max_expansion`, `content_flags`, `content_flags_disabled`) VALUES (264814, 288186, 'misty', 0, -2127.688477, 362.052399, -5.063092, 420.000000, 1200, 0, 0, 0, 0, 1, 0, -1, -1, NULL, NULL);
INSERT INTO `spawn2` (`id`, `spawngroupID`, `zone`, `version`, `x`, `y`, `z`, `heading`, `respawntime`, `variance`, `pathgrid`, `path_when_zone_idle`, `_condition`, `cond_value`, `animation`, `min_expansion`, `max_expansion`, `content_flags`, `content_flags_disabled`) VALUES (264826, 288198, 'bazaar', 0, -825.546631, 1214.817383, 1.755470, 301.000000, 1200, 0, 0, 0, 0, 1, 0, -1, -1, NULL, NULL);
INSERT INTO `spawn2` (`id`, `spawngroupID`, `zone`, `version`, `x`, `y`, `z`, `heading`, `respawntime`, `variance`, `pathgrid`, `path_when_zone_idle`, `_condition`, `cond_value`, `animation`, `min_expansion`, `max_expansion`, `content_flags`, `content_flags_disabled`) VALUES (264827, 288199, 'greatdivide', 0, -61.105663, -254.342194, 98.766792, 387.000000, 1200, 0, 0, 0, 0, 1, 0, -1, -1, NULL, NULL);
INSERT INTO `spawn2` (`id`, `spawngroupID`, `zone`, `version`, `x`, `y`, `z`, `heading`, `respawntime`, `variance`, `pathgrid`, `path_when_zone_idle`, `_condition`, `cond_value`, `animation`, `min_expansion`, `max_expansion`, `content_flags`, `content_flags_disabled`) VALUES (264829, 288201, 'sharvahl', 0, 135.823868, -833.226440, -188.148575, 345.250000, 1200, 0, 0, 0, 0, 1, 0, -1, -1, NULL, NULL);
INSERT INTO `spawn2` (`id`, `spawngroupID`, `zone`, `version`, `x`, `y`, `z`, `heading`, `respawntime`, `variance`, `pathgrid`, `path_when_zone_idle`, `_condition`, `cond_value`, `animation`, `min_expansion`, `max_expansion`, `content_flags`, `content_flags_disabled`) VALUES (264830, 288202, 'nektulos', 0, -917.096497, 1928.214966, 18.206142, 494.000000, 1200, 0, 0, 0, 0, 1, 0, -1, -1, NULL, NULL);

INSERT INTO `spawnentry` (`spawngroupID`, `npcID`, `chance`, `condition_value_filter`, `min_time`, `max_time`, `min_expansion`, `max_expansion`, `content_flags`, `content_flags_disabled`) VALUES (288089, 54201, 100, 1, 0, 0, -1, -1, NULL, NULL);
INSERT INTO `spawnentry` (`spawngroupID`, `npcID`, `chance`, `condition_value_filter`, `min_time`, `max_time`, `min_expansion`, `max_expansion`, `content_flags`, `content_flags_disabled`) VALUES (288090, 415125, 100, 1, 0, 0, -1, -1, NULL, NULL);
INSERT INTO `spawnentry` (`spawngroupID`, `npcID`, `chance`, `condition_value_filter`, `min_time`, `max_time`, `min_expansion`, `max_expansion`, `content_flags`, `content_flags_disabled`) VALUES (288091, 2135, 100, 1, 0, 0, -1, -1, NULL, NULL);
INSERT INTO `spawnentry` (`spawngroupID`, `npcID`, `chance`, `condition_value_filter`, `min_time`, `max_time`, `min_expansion`, `max_expansion`, `content_flags`, `content_flags_disabled`) VALUES (288092, 9026, 100, 1, 0, 0, -1, -1, NULL, NULL);
INSERT INTO `spawnentry` (`spawngroupID`, `npcID`, `chance`, `condition_value_filter`, `min_time`, `max_time`, `min_expansion`, `max_expansion`, `content_flags`, `content_flags_disabled`) VALUES (288093, 41107, 100, 1, 0, 0, -1, -1, NULL, NULL);
INSERT INTO `spawnentry` (`spawngroupID`, `npcID`, `chance`, `condition_value_filter`, `min_time`, `max_time`, `min_expansion`, `max_expansion`, `content_flags`, `content_flags_disabled`) VALUES (288094, 68017, 100, 1, 0, 0, -1, -1, NULL, NULL);
INSERT INTO `spawnentry` (`spawngroupID`, `npcID`, `chance`, `condition_value_filter`, `min_time`, `max_time`, `min_expansion`, `max_expansion`, `content_flags`, `content_flags_disabled`) VALUES (288095, 56128, 100, 1, 0, 0, -1, -1, NULL, NULL);
INSERT INTO `spawnentry` (`spawngroupID`, `npcID`, `chance`, `condition_value_filter`, `min_time`, `max_time`, `min_expansion`, `max_expansion`, `content_flags`, `content_flags_disabled`) VALUES (288096, 46000, 100, 1, 0, 0, -1, -1, NULL, NULL);
INSERT INTO `spawnentry` (`spawngroupID`, `npcID`, `chance`, `condition_value_filter`, `min_time`, `max_time`, `min_expansion`, `max_expansion`, `content_flags`, `content_flags_disabled`) VALUES (288097, 47038, 100, 1, 0, 0, -1, -1, NULL, NULL);
INSERT INTO `spawnentry` (`spawngroupID`, `npcID`, `chance`, `condition_value_filter`, `min_time`, `max_time`, `min_expansion`, `max_expansion`, `content_flags`, `content_flags_disabled`) VALUES (288098, 414194, 100, 1, 0, 0, -1, -1, NULL, NULL);
INSERT INTO `spawnentry` (`spawngroupID`, `npcID`, `chance`, `condition_value_filter`, `min_time`, `max_time`, `min_expansion`, `max_expansion`, `content_flags`, `content_flags_disabled`) VALUES (288099, 30106, 100, 1, 0, 0, -1, -1, NULL, NULL);
INSERT INTO `spawnentry` (`spawngroupID`, `npcID`, `chance`, `condition_value_filter`, `min_time`, `max_time`, `min_expansion`, `max_expansion`, `content_flags`, `content_flags_disabled`) VALUES (288100, 394000, 100, 1, 0, 0, -1, -1, NULL, NULL);
INSERT INTO `spawnentry` (`spawngroupID`, `npcID`, `chance`, `condition_value_filter`, `min_time`, `max_time`, `min_expansion`, `max_expansion`, `content_flags`, `content_flags_disabled`) VALUES (288101, 78003, 100, 1, 0, 0, -1, -1, NULL, NULL);
INSERT INTO `spawnentry` (`spawngroupID`, `npcID`, `chance`, `condition_value_filter`, `min_time`, `max_time`, `min_expansion`, `max_expansion`, `content_flags`, `content_flags_disabled`) VALUES (288102, 84003, 100, 1, 0, 0, -1, -1, NULL, NULL);
INSERT INTO `spawnentry` (`spawngroupID`, `npcID`, `chance`, `condition_value_filter`, `min_time`, `max_time`, `min_expansion`, `max_expansion`, `content_flags`, `content_flags_disabled`) VALUES (288104, 38005, 100, 1, 0, 0, -1, -1, NULL, NULL);
INSERT INTO `spawnentry` (`spawngroupID`, `npcID`, `chance`, `condition_value_filter`, `min_time`, `max_time`, `min_expansion`, `max_expansion`, `content_flags`, `content_flags_disabled`) VALUES (288125, 84003, 100, 1, 0, 0, -1, -1, NULL, NULL);
INSERT INTO `spawnentry` (`spawngroupID`, `npcID`, `chance`, `condition_value_filter`, `min_time`, `max_time`, `min_expansion`, `max_expansion`, `content_flags`, `content_flags_disabled`) VALUES (288166, 50359, 100, 1, 0, 0, -1, -1, NULL, NULL);
INSERT INTO `spawnentry` (`spawngroupID`, `npcID`, `chance`, `condition_value_filter`, `min_time`, `max_time`, `min_expansion`, `max_expansion`, `content_flags`, `content_flags_disabled`) VALUES (288186, 2000044, 100, 1, 0, 0, -1, -1, NULL, NULL);
INSERT INTO `spawnentry` (`spawngroupID`, `npcID`, `chance`, `condition_value_filter`, `min_time`, `max_time`, `min_expansion`, `max_expansion`, `content_flags`, `content_flags_disabled`) VALUES (288198, 394000, 100, 1, 0, 0, -1, -1, NULL, NULL);
INSERT INTO `spawnentry` (`spawngroupID`, `npcID`, `chance`, `condition_value_filter`, `min_time`, `max_time`, `min_expansion`, `max_expansion`, `content_flags`, `content_flags_disabled`) VALUES (288199, 56128, 100, 1, 0, 0, -1, -1, NULL, NULL);
INSERT INTO `spawnentry` (`spawngroupID`, `npcID`, `chance`, `condition_value_filter`, `min_time`, `max_time`, `min_expansion`, `max_expansion`, `content_flags`, `content_flags_disabled`) VALUES (288201, 54201, 100, 1, 0, 0, -1, -1, NULL, NULL);
INSERT INTO `spawnentry` (`spawngroupID`, `npcID`, `chance`, `condition_value_filter`, `min_time`, `max_time`, `min_expansion`, `max_expansion`, `content_flags`, `content_flags_disabled`) VALUES (288202, 54201, 100, 1, 0, 0, -1, -1, NULL, NULL);


/*Maeve Druid Portal Spells*/
INSERT INTO merchantlist
    (merchantid, slot, item, faction_required, level_required, min_status, max_status, alt_currency_cost, classes_required, probability, bucket_name, bucket_value, bucket_comparison, min_expansion, max_expansion, content_flags, content_flags_disabled)
VALUES
    (22128,15,15553,-100,0,0,255,0,32,100,'','',0,-1,-1,'',''),
    (22128,16,30440,-100,0,0,255,0,32,100,'','',0,-1,-1,'',''),
    (22128,17,15551,-100,0,0,255,0,32,100,'','',0,-1,-1,'',''),
    (22128,18,15556,-100,0,0,255,0,32,100,'','',0,-1,-1,'',''),
    (22128,19,30438,-100,0,0,255,0,32,100,'','',0,-1,-1,'',''),
    (22128,20,30434,-100,0,0,255,0,32,100,'','',0,-1,-1,'',''),
    (22128,21,15550,-100,0,0,255,0,32,100,'','',0,-1,-1,'',''),
    (22128,22,15554,-100,0,0,255,0,32,100,'','',0,-1,-1,'',''),
    (22128,23,15558,-100,0,0,255,0,32,100,'','',0,-1,-1,'',''),
    (22128,24,15555,-100,0,0,255,0,32,100,'','',0,-1,-1,'',''),
    (22128,25,15557,-100,0,0,255,0,32,100,'','',0,-1,-1,'',''),
    (22128,26,19482,-100,0,0,255,0,32,100,'','',0,-1,-1,'',''),
    (22128,27,15862,-100,0,0,255,0,32,100,'','',0,-1,-1,'',''),
    (22128,28,15552,-100,0,0,255,0,32,100,'','',0,-1,-1,'',''),
    (22128,29,30398,-100,0,0,255,0,32,100,'','',0,-1,-1,'',''),
/*Maeve Wizard Portal Spells*/
INSERT INTO merchantlist
    (merchantid, slot, item, faction_required, level_required, min_status, max_status, alt_currency_cost, classes_required, probability, bucket_name, bucket_value, bucket_comparison, min_expansion, max_expansion, content_flags, content_flags_disabled)
VALUES
    (22128,1,15565,-100,0,0,255,0,2048,100,'','',0,-1,-1,'',''),
    (22128,2,30425,-100,0,0,255,0,2048,100,'','',0,-1,-1,'',''),
    (22128,3,15861,-100,0,0,255,0,2048,100,'','',0,-1,-1,'',''),
    (22128,4,15566,-100,0,0,255,0,2048,100,'','',0,-1,-1,'',''),
    (22128,5,15563,-100,0,0,255,0,2048,100,'','',0,-1,-1,'',''),
    (22128,6,30423,-100,0,0,255,0,2048,100,'','',0,-1,-1,'',''),
    (22128,7,30418,-100,0,0,255,0,2048,100,'','',0,-1,-1,'',''),
    (22128,8,15564,-100,0,0,255,0,2048,100,'','',0,-1,-1,'',''),
    (22128,9,15562,-100,0,0,255,0,2048,100,'','',0,-1,-1,'',''),
    (22128,10,15567,-100,0,0,255,0,2048,100,'','',0,-1,-1,'',''),
    (22128,11,15561,-100,0,0,255,0,2048,100,'','',0,-1,-1,'',''),
    (22128,12,30399,-100,0,0,255,0,2048,100,'','',0,-1,-1,'',''),
    (22128,14,15568,-100,0,0,255,0,2048,100,'','',0,-1,-1,'','');


/* Custom Zone versions for DZs that don't respawn */
--templeveeshan
CREATE TEMPORARY TABLE temporary_table AS SELECT * FROM spawn2 where zone = "templeveeshan" and version = 0;
UPDATE temporary_table SET version = 1;
UPDATE temporary_table SET id = 0;
INSERT INTO spawn2 SELECT * FROM temporary_table;
SELECT id, spawngroupID, zone, respawntime, version from spawn2 where zone = "templeveeshan";
update spawn2 set respawntime = 720000 where zone = "templeveeshan" and version = 1;
DROP TABLE temporary_table;


CREATE TEMPORARY TABLE temporary_table AS SELECT * FROM doors where zone = "templeveeshan" and version = 0;
UPDATE temporary_table SET version = 1;
UPDATE temporary_table SET id = 0;
INSERT INTO doors SELECT * FROM temporary_table;
SELECT id, doorid, zone, version from doors where zone = "templeveeshan";
DROP TABLE temporary_table;

CREATE TEMPORARY TABLE temporary_table AS SELECT * FROM zone_points where zone = "templeveeshan" and version = 0;
UPDATE temporary_table SET version = 1;
UPDATE temporary_table SET id = 0;
INSERT INTO zone_points SELECT * FROM temporary_table;
SELECT * from zone_points where zone = "templeveeshan";
DROP TABLE temporary_table;

--kael
CREATE TEMPORARY TABLE temporary_table AS SELECT * FROM spawn2 where zone = "kael" and version = 0;
UPDATE temporary_table SET version = 1;
UPDATE temporary_table SET id = 0;
INSERT INTO spawn2 SELECT * FROM temporary_table;
SELECT id, spawngroupID, zone, respawntime, version from spawn2 where zone = "kael";
update spawn2 set respawntime = 720000 where zone = "kael" and version = 1;


DROP TABLE temporary_table;
CREATE TEMPORARY TABLE temporary_table AS SELECT * FROM doors where zone = "kael" and version = 0;
UPDATE temporary_table SET version = 1;
UPDATE temporary_table SET id = 0;
INSERT INTO doors SELECT * FROM temporary_table;
SELECT id, doorid, zone, version from doors where zone = "kael";
DROP TABLE temporary_table;

CREATE TEMPORARY TABLE temporary_table AS SELECT * FROM zone_points where zone = "kael" and version = 0;
UPDATE temporary_table SET version = 1;
UPDATE temporary_table SET id = 0;
INSERT INTO zone_points SELECT * FROM temporary_table;
SELECT * from zone_points where zone = "kael";
DROP TABLE temporary_table;


--sleeper
CREATE TEMPORARY TABLE temporary_table AS SELECT * FROM spawn2 where zone = "sleeper" and version = 0;
UPDATE temporary_table SET version = 1;
UPDATE temporary_table SET id = 0;
INSERT INTO spawn2 SELECT * FROM temporary_table;
SELECT id, spawngroupID, zone, respawntime, version from spawn2 where zone = "sleeper";
update spawn2 set respawntime = 720000 where zone = "sleeper" and version = 1;


DROP TABLE temporary_table;
CREATE TEMPORARY TABLE temporary_table AS SELECT * FROM doors where zone = "sleeper" and version = 0;
UPDATE temporary_table SET version = 1;
UPDATE temporary_table SET id = 0;
INSERT INTO doors SELECT * FROM temporary_table;
SELECT id, doorid, zone, version from doors where zone = "sleeper";
DROP TABLE temporary_table;

CREATE TEMPORARY TABLE temporary_table AS SELECT * FROM zone_points where zone = "sleeper" and version = 0;
UPDATE temporary_table SET version = 1;
UPDATE temporary_table SET id = 0;
INSERT INTO zone_points SELECT * FROM temporary_table;
SELECT * from zone_points where zone = "sleeper";
DROP TABLE temporary_table;


--growthplane
CREATE TEMPORARY TABLE temporary_table AS SELECT * FROM spawn2 where zone = "growthplane" and version = 0;
UPDATE temporary_table SET version = 1;
UPDATE temporary_table SET id = 0;
INSERT INTO spawn2 SELECT * FROM temporary_table;
SELECT id, spawngroupID, zone, respawntime, version from spawn2 where zone = "growthplane";
update spawn2 set respawntime = 720000 where zone = "growthplane" and version = 1;


DROP TABLE temporary_table;
CREATE TEMPORARY TABLE temporary_table AS SELECT * FROM doors where zone = "growthplane" and version = 0;
UPDATE temporary_table SET version = 1;
UPDATE temporary_table SET id = 0;
INSERT INTO doors SELECT * FROM temporary_table;
SELECT id, doorid, zone, version from doors where zone = "growthplane";
DROP TABLE temporary_table;

CREATE TEMPORARY TABLE temporary_table AS SELECT * FROM zone_points where zone = "growthplane" and version = 0;
UPDATE temporary_table SET version = 1;
UPDATE temporary_table SET id = 0;
INSERT INTO zone_points SELECT * FROM temporary_table;
SELECT * from zone_points where zone = "growthplane";
DROP TABLE temporary_table;

--Skyshrine already has a version 1, so we use version 2 here
CREATE TEMPORARY TABLE temporary_table AS SELECT * FROM spawn2 where zone = "skyshrine" and version = 0;
UPDATE temporary_table SET version = 2;
UPDATE temporary_table SET id = 0;
INSERT INTO spawn2 SELECT * FROM temporary_table;
SELECT id, spawngroupID, zone, respawntime, version from spawn2 where zone = "skyshrine";
update spawn2 set respawntime = 720000 where zone = "skyshrine" and version = 2;


DROP TABLE temporary_table;
CREATE TEMPORARY TABLE temporary_table AS SELECT * FROM doors where zone = "skyshrine" and version = 0;
UPDATE temporary_table SET version = 2;
UPDATE temporary_table SET id = 0;
INSERT INTO doors SELECT * FROM temporary_table;
SELECT id, doorid, zone, version from doors where zone = "skyshrine";
DROP TABLE temporary_table;

CREATE TEMPORARY TABLE temporary_table AS SELECT * FROM zone_points where zone = "skyshrine" and version = 0;
UPDATE temporary_table SET version = 2;
UPDATE temporary_table SET id = 0;
INSERT INTO zone_points SELECT * FROM temporary_table;
SELECT * from zone_points where zone = "skyshrine";
DROP TABLE temporary_table;